,0,1,2,3,4,5,6,7,8,9,10,11,12,13,14,15,16,17,18,19,20,21,22,23,24,25,26,27,28,29,30,31,32,33,34,35
0,주산지 막걸리 맛 그래프,주산지,막걸리,맛,그래프,단맛,약함,강함,신맛,약함,강함,청량감,약함,강함,바디감,가벼움,무거움,출저,:,한국,가양주,연구소,류인수,소장,NAVER,,,,,,,,,,,
1,젤코바 프리미엄와인 맛 그래프,젤,코바,프리미엄,와인,맛,그래프,단맛,약함,강함,신맛,약함,강함,청량감,약함,강함,바디감,가벼움,무거움,출처,:,주류,문화,컬럼니스트,&,세종,사이버,대학교,명욱,교수,NAVER,,,,,
2,해미읍성 살구와인 맛 그래프,해미읍,성,살구,와인,맛,그래프,단맛,약함,신맛,약함,청량감,약함,강함,강함,강함,바디감,가벼움,무거움,출저,:,한국,가양주,연구소,류인수,소장,NAVER,,,,,,,,,
3,명인안동소주 22 맛 그래프,명인,안동,소주,22,맛,그래프,향기,약함,강함,맛,드라이,스위트,바디감,라이트,헤비,출처,:,한국,가양주,연구소,류인수,소장,NAVER,,,,,,,,,,,,
4,이강주 (25%) 맛 그래프,이강주,(,25,%,),맛,그래프,단맛,낮음,높음,신맛,낮음,높음,청량감,낮음,높음,바디감,무거움,가벼움,출처,:,한국,가양주,연구소,류인수,소장,AVER,,,,,,,,
5,메밀로 맛 그래프,메밀,로,맛,그래프,향,약함,바디감,가벼움,강함,무거움,목넘김,부드러움,거침,출처,:,한국,가양주,연구소,류인수,소장,NAVER,,,,,,,,,,,,,,
6,금정산성막걸리 맛 그래프,금정산,성,막걸리,맛,그래프,단맛,낮음,신맛,낮음,청량감,낮음,바디감,무거움,높음,높음,높음,가벼움,출처,:,한국,가양주,연구소,류인수,소,AVER,,,,,,,,,,
7,맑은술 해밀 맛 그래프,맑은,술,해밀,맛,그래프,단맛,약함,강함,신맛,약함,강함,청량감,약함,강함,바디감,가벼움,무거움,출처,:,주류,문화,컬럼니스트,&,전통주,갤러리,부관장,명욱,NAVER,,,,,,,
8,기다림 25 맛 그래프,기다림,25,맛,그래프,단맛,약함,신맛,약함,강함,강함,청량감,약함,강함,바디감,가벼움,무거움,출저,:,한국,가양주,연구소,류인수,소장,NAVER,,,,,,,,,,,
9,진심 홍삼인삼주 38% 맛그래프,진심,홍삼,인삼주,38,%,맛,그래프,단맛,낮음,높음,신맛,낮음,높음,청량감,낮음,높음,바디감,무거움,가벼움,출처,:,한국,가양주,연구소,류인수,소장,AVER,,,,,,,,
10,려 (25%) 맛 그래프,려,(,25,%,),맛,그래프,향기,약,강,목넘김,드라이,스위트,바디감,라이트,헤비,출처,:,한국,가양주,연구소,류인수,소장,VR,,,,,,,,,,,
11,황칠주 맛 그래프,황칠,주,맛,그래프,향,약함,강함,바디감,가벼움,무거움,목넘김,부드러움,거침,출처,:,한국,가양주,연구소,류인수,소장,NAVER,,,,,,,,,,,,,,
12,초선의 꿈(로제) 맛그래프,초선,의,꿈,(,로제,),맛,그래프,단맛,낮음,높음,신맛,낮음,높음,바디감,낮음,높음,목넘김,무거움,가벼움,출처,:,한국,가양주,연구소,류인수,소장,AVER,,,,,,,
13,감악산머루주 맛 그래프,감악산,머루주,맛,그래프,단맛,약함,신맛,약함,청량감,약함,바디감,가벼움,강함,강함,강함,무거움,출처,:,주류,문화,컬럼니스트,&,세종,사이버,대학교,명욱,교수,VER,,,,,,,
14,화곡생막걸리 맛그래프,화곡,생,막걸리,맛,그래프,단맛,낮음,높음,신맛,낮음,높음,청량감,낮음,높음,바디감,무거움,가벼움,출처,:,한국,가양주,연구소,류인수,소장,AVER,,,,,,,,,,
15,향수 우리밀 막걸리 맛 그래프,향수,우리밀,막걸리,맛,그래프,단맛,약함,강함,신맛,약함,강함,청량감,약함,강함,바디감,가벼움,무거움,출처,:,주류,문화,컬럼니스트,&,전통주,갤러리,부관장,명욱,NAVER,,,,,,,
16,니모메 맛 그래프,니모,메,맛,그래프,단맛,약함,강함,신맛,약함,강함,청량감,약함,강함,바디감,가벼움,무거움,균형감,출처,:,경기도,농업,기술원,이대형,박사,",",세종,사이버대,명욱,교,ven,,,,,
17,너브내 스파클링 화이트와인 맛 그래프,너,브내,스파클링,화이트,와인,맛,그래프,단맛,약함,강함,신맛,약함,강함,청량감,약함,강함,바디감,가벼움,무거움,균형감,출처,:,레스토랑,주은,김주용,소믈리에,",",최정욱,와인,연구소,최정욱,손장,,,
18,추사40 맛 그래프,추사,40,맛,그래프,향,약함,강함,바디감,가벼움,무거움,목넘김,부드러움,거침,출처,:,한국,가양주,연구소,류인수,소장,NAVER,,,,,,,,,,,,,,
19,금산인삼주 수삼단본720 23% 맛 그래프,금산,인삼주,수삼,단본,720,23,%,맛,그래프,향기,약함,강함,맛,드라이,스위트,바디감,라이트,헤비,출처,:,한국,가양주,연구소,류인수,소장,NAVER,,,,,,,,,
20,선운산복분자주 프리미엄 맛 그래프,선운산,복분자주,프리미엄,맛,그래프,단맛,약함,강함,신맛,약함,강함,청량감,약함,강함,바디감,가벼움,무거움,출처,:,주류,문화,컬럼니스트,&,전통주,갤러리,부관장,명욱,NAVER,,,,,,,
21,허니비와인 맛 그래프,허니비,와인,맛,그래프,단맛,낮음,높음,신맛,낮음,높음,청량감,낮음,높음,바디감,무거움,가벼움,출처,:,한국,가양주,연구소,류인수,소,AVER,,,,,,,,,,,
22,감그린 스페셜 맛 그래프,감,그린,스페셜,맛,그래프,단맛,약함,강함,신맛,약함,강함,청량감,약함,강함,바디감,가벼움,무거움,출처,:,주류,문화,컬럼니스트,&,전통주,갤러리,부관장,명욱,NAVER,,,,,,,
23,신선주 맛 그래프,신선,주,맛,그래프,단맛,낮음,신맛,낮음,청량감,낮음,바디감,무거움,높음,높음,높음,가벼움,출처,:,한국,가양주,연구소,류인수,소,AVER,,,,,,,,,,,
24,풍정사계 하 맛 그래프,풍정,사계,하,맛,그래프,단맛,낮음,높음,신맛,낮음,높음,청량감,낮음,높음,바디감,무거움,가벼움,출처,:,한국,가양주,연구소,류인수,소,AVER,,,,,,,,,,
25,원조소곡주 맛 그래프,원조,소곡주,맛,그래프,단맛,약함,신맛,약함,청량감,약함,바디감,가벼움,강함,강함,강함,무거움,출저,:,한국,가양주,연구소,류인수,소장,VER,,,,,,,,,,,
26,운암1945 맛 그래프,운암,1945,맛,그래프,단맛,약함,신맛,약함,바디감,가벼움,강함,강함,무거움,균형감,출처,:,농업,회사,법인,우포,의,아침,주식회사,",",NAVER,,,,,,,,,,
27,그랑꼬또 로제와인 맛 그래프,그랑,꼬또,로제,와인,맛,그래프,단맛,낮음,높음,신맛,낮음,높음,청량감,낮음,높음,바디감,무거움,가벼움,출처,:,한국,가양주,연구소,류인수,소,AVER,,,,,,,,,
28,배도가 로아 19 레드 맛 그래프,배도,가,로아,19,레드,맛,그래프,향,약함,강함,맛,드라이,스위트,바디감,가벼움,무거움,목넘김,부드러움,거침,출처,:,이현주,소믈리에,NAVER,,,,,,,,,,,
29,천지주가햅쌀 생막걸리 맛그래프,천지,주가,햅쌀,생,막걸리,맛,그래프,단맛,낮음,높음,신맛,낮음,높음,청량감,낮음,높음,바디감,무거움,가벼움,출처,:,한국,가양주,연구소,류인수,소장,AVER,,,,,,,,
30,모을동주 약주 맛 그래프,모을,동주,약주,맛,그래프,단맛,약함,신맛,약함,강함,강함,청량감,약함,강함,바디감,가벼움,무거움,출처,:,주류,문화,컬럼니스트,&,세종,사이버,대학교,명욱,교수,NAVER,,,,,,
31,청세주 맛그래프,청,세주,맛,그래프,단맛,낮음,높음,신맛,낮음,높음,청량감,낮음,높음,바디감,무거움,가벼움,출처,:,한국,가양주,연구소,류인수,소장,AVER,,,,,,,,,,,
32,이화백주 맛 그래프,이화,백주,맛,그래프,단맛,약함,강함,신맛,약함,강함,청량감,약함,강함,바디감,가벼움,무거움,출처,:,주류,문화,컬럼니스트,&,전통주,갤러리,부관장,명욱,NAVER,,,,,,,,
33,기다림 16 맛 그래프,기다림,16,맛,그래프,단맛,약함,강함,신맛,약함,강함,청량감,약함,강함,바디감,가벼움,무거움,출저,:,한국,가양주,연구소,류인수,소장,NAVER,,,,,,,,,,,
34,고은달 오크 맛 그래프,고은,달,오크,맛,그래프,향,약함,강함,바디감,가벼움,무거움,목넘김,부드러움,거침,출처,:,주류,문화,컬럼니스트,&,전통주,갤러리,부관장,명욱,NAVER,,,,,,,,,,
35,자두와인 화이트 맛 그래프,자두,와인,화이트,맛,그래프,단맛,낮음,높음,신맛,낮음,높음,청량감,낮음,높음,바디감,무거움,가벼움,출처,:,한국,가양주,연구소,류인수,소,AVER,,,,,,,,,,
36,아황주 맛 그래프,아,황주,맛,그래프,단맛,약함,강함,신맛,약함,강함,청량감,약함,강함,바디감,가벼움,무거움,출처,:,한국,가양주,연구소,류인수,소장,NAVER,,,,,,,,,,,
37,뱅꼬레 아이스와인 맛 그래프,뱅,꼬레,아이스,와인,맛,그래프,단맛,약함,강함,신맛,약함,강함,청량감,약함,강함,바디감,가벼움,무거움,출처,:,주류,문화,컬럼니스트,&,전통주,갤러리,부관장,명욱,NAVER,,,,,,
38,샤토미소랑 맛 그래프,샤토,미소,랑,맛,그래프,단맛,약함,강함,신맛,약함,강함,청량감,약함,강함,바디감,가벼움,무거움,출처,:,주류,문화,컬럼니스트,&,전통주,갤러리,부관장,명욱,NAVER,,,,,,,
39,신선주 약주 맛 그래프,신선,주,약주,맛,그래프,단맛,약함,신맛,약함,바디감,가벼움,균형감,강함,강함,무거움,출처,:,농업,회사,법인,(,주,),신선,NAVER,,,,,,,,,,
40,계룡백일주 16% 맛 그래프,계룡,백일주,16,%,맛,그래프,단맛,낮음,높음,신맛,낮음,높음,청량감,낮음,높음,바디감,무거움,가벼움,출처,:,한국,가양주,연구소,류인수,소,AVER,,,,,,,,,
41,미르 25s 맛그래프,미르,25s,맛,그래프,단맛,낮음,높음,신맛,낮음,높음,청량감,낮음,높음,바디감,무거움,가벼움,출처,:,한국,가양주,연구소,류인수,소장,AVER,,,,,,,,,,,
42,장보고의꿈 황칠약주 맛 그래프,장보고,의,꿈,황칠,약주,맛,그래프,단맛,약함,강함,신맛,약함,강함,청량감,약함,강함,무거움,바디감,가벼움,균형감,출처,:,이현주,소믈리에,VER,,,,,,,,,,
43,금풍양조 맛 그래프,금풍,양조,맛,그래프,단맛,약함,강함,신맛,약함,강함,청량감,약함,강함,바디감,가벼움,무거움,균형감,출처,:,경기도,농업,기술원,이대형,박사,",",세종,사이버대,명욱,교,ve,,,,,
44,도로시 머루주 맛 그래프,도로시,머루주,맛,그래프,단맛,약함,신맛,약함,청량감,약함,바디감,가벼움,강함,강함,강함,무거움,출처,:,주류,문화,컬럼니스트,&,세종,사이버,대학교,명욱,교수,VER,,,,,,,
45,문경바람 백자 40도 맛 그래프,문경,바람,백자,40,도,맛,그래프,단맛,약함,강함,신맛,약함,강함,청량감,약함,강함,무거움,바디감,가벼움,균형감,출처,:,김영우,소믈리에,,,,,,,,,,,
46,고도리 복숭아와인 맛 그래프,고도리,복숭아,와인,맛,그래프,단맛,약함,강함,신맛,약함,강함,청량감,약함,강함,바디감,가벼움,무거움,균형감,출처,:,최정욱,와인,연구소,최정욱,소장,",",레스토랑,주은,소속,김주용,소믈리에,NAVER,,,
47,찰막걸리 맛 그래프,찰,막걸리,맛,그래프,단맛,낮음,신맛,낮음,청량감,낮음,바디감,무거움,높음,높음,높음,가벼움,출처,:,한국,가양주,연구소,류인수,소,AVER,,,,,,,,,,,
48,하얀까마귀 막걸리 맛 그래프,하얀,까마귀,막걸리,맛,그래프,단맛,약함,강함,신맛,약함,강함,청량감,약함,강함,바디감,가벼움,무거움,균형감,출처,:,경기도,농업,기술원,이대형,박사,",",세종,사이버대,명욱,교수,VER,,,,
49,느린마을 소주 맛 그래프,느린,마을,소주,맛,그래프,단맛,약함,강함,신맛,약함,강함,청량감,약함,강함,바디감,가벼움,무거움,균형감,출처,:,경기도,농업,기술원,이대형,박사,",",세종,사이버대,명욱,교,ve,,,,
50,풍정사계 추 맛 그래프,풍정,사계,추,맛,그래프,단맛,낮음,높음,신맛,낮음,높음,청량감,낮음,높음,바디감,무거움,가벼움,출처,:,한국,가양주,연구소,류인수,소,AVER,,,,,,,,,,
51,계룡백일주 12년 맛 그래프,계룡,백일주,12,년,맛,그래프,향기,약함,강함,맛,드라이,스위트,바디감,라이트,헤비,출처,:,한국,가양주,연구소,류인수,소장,NAVER,,,,,,,,,,,,
52,줄포 생막걸리 맛 그래프,줄포,생,막걸리,맛,그래프,단맛,낮음,높음,신맛,낮음,높음,청량감,낮음,높음,바디감,무거움,가벼움,출처,:,한국,가양주,연구소,류인수,소,AVER,,,,,,,,,,
53,혼디주 맛 그래프,혼디,주,맛,그래프,단맛,약함,강함,신맛,약함,강함,청량감,약함,강함,바디감,가벼움,무거움,출처,:,주류,문화,컬럼니스트,&,전통주,갤러리,부관장,명욱,NAVER,,,,,,,,
54,금산인삼주 수삼단본720 43% 맛 그래프,금산,인삼주,수삼,단본,720,43,%,맛,그래프,향기,약함,강함,맛,드라이,스위트,바디감,라이트,헤비,출처,:,한국,가양주,연구소,류인수,소장,NAVER,,,,,,,,,
55,솔송주맛그래프,솔송,주맛,그래프,단맛,낮음,높음,신맛,낮음,높음,바디감,낮음,높음,목넘김,무거움,가벼움,출처,:,한국,가양주,연구소,류인수,소장,AVER,,,,,,,,,,,,
56,로얄안동소주 18년 맛 그래프,로얄,안동,소주,18,년,맛,그래프,향기,약함,강함,맛,드라이,스위트,바디감,라이트,헤비,출처,:,한국,가양주,연구소,류인수,소장,NAVER,,,,,,,,,,,
57,자연송이주 맛 그래프,자연,송이주,맛,그래프,향기,약함,강함,맛,드라이,스위트,바디감,라이트,헤비,출처,:,한국,가양주,연구소,류인수,소장,NAVER,,,,,,,,,,,,,,
58,소백산 검은콩 막걸리 맛그래프,소백산,검은,콩,막걸리,맛,그래프,단맛,낮음,높음,신맛,낮음,높음,청량감,낮음,높음,바디감,무거움,가벼움,출처,:,한국,가양주,연구소,류인수,소장,AVER,,,,,,,,,
59,공주애 오디와인 맛 그래프,공주,애,오디,와인,맛,그래프,단맛,약함,강함,신맛,약함,강함,청량감,약함,강함,바디감,가벼움,무거움,출처,:,주류,문화,컬럼니스트,&,전통주,갤러리,부관장,명욱,NAVER,,,,,,
60,황진이 맛 그래프,황진이,맛,그래프,단맛,낮음,신맛,낮음,청량감,낮음,바디감,무거움,높음,높음,높음,가벼움,출처,:,한국,가양주,연구소,류인수,소,AVER,,,,,,,,,,,,
61,미소 생막걸리 맛 그래프,미소,생,막걸리,맛,그래프,단맛,약함,강함,신맛,약함,강함,청량감,약함,강함,바디감,가벼움,무거움,출처,:,주류,문화,컬럼니스트,&,전통주,갤러리,부관장,명욱,NAVER,,,,,,,
62,단맛,단맛,약함,신맛,약함,밤꽃,향기,맛,그래프,강함,강함,청량감,약함,강함,바디감,가벼움,무거움,출처,:,주류,문화,컬럼니스트,&,전통주,갤러리,부관장,명욱,NAVER,,,,,,,,
63,열두쌀 맛 그래프,열두,쌀,맛,그래프,단맛,약함,강함,신맛,약함,강함,청량감,약함,강함,바디감,가벼움,무거움,균형감,출처,:,경기도,농업,기술원,이대형,박사,",",세종,사이버대,명욱,교,ve,,,,,
64,김포별주 맛 그래프,김포,별주,맛,그래프,단맛,약함,강함,신맛,약함,강함,청량감,약함,강함,바디감,가벼움,무거움,출처,:,한국,가양주,연구소,류인수,소장,NAVER,,,,,,,,,,,
65,허니문와인 맛 그래프,허니문,와인,맛,그래프,단맛,약함,신맛,약함,청량감,약함,바디감,가벼움,강함,강함,강함,무거움,출처,:,주류,문화,컬럼니스트,&,전통주,갤러리,부관장,명욱,VER,,,,,,,,
66,두레앙 증류주 맛 그래프,두레,앙,증류주,맛,그래프,향기,약함,강함,맛,드라이,스위트,바디감,라이트,헤비,출처,:,한국,가양주,연구소,류인수,소장,NAVER,,,,,,,,,,,,,
67,붉은진주 머루와인 스위트 맛 그래프,붉은,진주,머루,와인,스위트,맛,그래프,단맛,약함,강함,신맛,약함,강함,청량감,약함,강함,바디감,가벼움,무거움,균형감,출처,:,레스토랑,주은,김주용,소믈리에,",",최정욱,와인,연구소,최정욱,손자,,,
68,이동쌀막걸리맛그래프,이동,쌀,막걸리,맛,그래프,단맛,낮음,높음,신맛,낮음,높음,청량감,낮음,높음,바디감,무거움,가벼움,출처,:,한국,가양주,연구소,류인수,소장,AVER,,,,,,,,,,
69,귀감 맛 그래프,귀감,맛,그래프,향,약함,강함,바디감,가벼움,무거움,목넘김,부드러움,거침,출처,:,주류,문화,컬럼니스트,&,전통주,갤러리,부관장,명욱,NAVER,,,,,,,,,,,,
70,국순당옛날막걸리 맛그래프,국순당,옛날,막걸리,맛,그래프,단맛,낮음,높음,신맛,낮음,높음,청량감,낮음,높음,바디감,무거움,가벼움,출처,:,한국,가양주,연구소,류인수,소장,VER,,,,,,,,,,
71,동정춘 맛 그래프,동정,춘,맛,그래프,단맛,약함,강함,신맛,약함,강함,청량감,약함,강함,바디감,가벼움,무거움,출처,:,한국,가양주,연구소,류인수,소장,NAVER,,,,,,,,,,,
72,보은 송로주 맛 그래프,보은,송로주,맛,그래프,단맛,약함,강함,신맛,약함,강함,청량감,약함,강함,바디감,가벼움,무거움,균형감,출처,:,경기도,농업,기술원,이대형,박사,",",세종,사이버대,명욱,교,,,,,,
73,청산녹수 사미인주 맛 그래프,청산,녹수,사,미인주,맛,그래프,단맛,약함,강함,신맛,약함,강함,청량감,약함,강함,바디감,가벼움,무거움,출처,:,한국,가양주,연구소,류인수,소장,NAVER,,,,,,,,,
74,마주 소곡주 맛 그래프,마주,소곡주,맛,그래프,단맛,약함,강함,신맛,약함,강함,청량감,약함,강함,바디감,가벼움,무거움,출처,:,주류,문화,컬럼니스트,&,세종,사이버,대학교,명욱,교수,NAVER,,,,,,,
75,진심홍삼주19 맛 그래프,진심,홍삼,주,19,맛,그래프,단맛,낮음,높음,신맛,낮음,높음,청량감,낮음,높음,바디감,무거움,가벼움,출처,:,한국,가양주,연구소,류인수,소,AVER,,,,,,,,,
76,별바랑 맛 그래프,별,바랑,맛,그래프,단맛,약함,강함,신맛,약함,강함,청량감,약함,강함,바디감,가벼움,무거움,출저,:,한국,가양주,연구소,류인수,소자,VER,,,,,,,,,,,
77,크라테 레드 미디엄 드라이 맛 그래프,크라,테,레드,미디엄,드라이,맛,그래프,단맛,약함,강함,신맛,약함,강함,청량감,약함,강함,바디감,가벼움,무거움,균형감,출처,:,레스토랑,주은,김주용,소믈리에,",",최정욱,와인,연구소,최정욱,소장,,,
78,이동생쌀막걸리 맛그래프,이동,생쌀,막걸리,맛,그래프,단맛,낮음,높음,신맛,낮음,높음,청량감,낮음,높음,바디감,무거움,가벼움,출처,:,한국,가양주,연구소,류인수,소장,AVER,,,,,,,,,,
79,DMZ 240km 맛 그래프,DMZ,240km,맛,그래프,향기,약함,강함,맛,드라이,스위트,바디감,라이트,헤비,출처,:,한국,가양주,연구소,류인수,소장,NAVER,,,,,,,,,,,,,,
80,감홍로 청자 맛 그래프,감홍로,청자,맛,그래프,향기,약함,강함,맛,드라이,스위트,바디감,라이트,헤비,출처,:,한국,가양주,연구소,류인수,소장,NAVER,,,,,,,,,,,,,,
81,어우야 맛 그래프,어우,야,맛,그래프,향,약함,바디감,가벼움,강함,무거움,목넘김,부드러움,거침,출처,:,한국,가양주,연구소,류인수,소장,NAVER,,,,,,,,,,,,,,
82,천년담주 맛 그래프,천년,담주,맛,그래프,단맛,약함,강함,신맛,약함,강함,청량감,약함,강함,바디감,가벼움,무거움,출저,:,한국,가양주,연구소,류인수,소장,VER,,,,,,,,,,,
83,산내울 오미자주 맛 그래프,산내,울,오미자,주,맛,그래프,단맛,약함,신맛,약함,청량감,약함,바디감,가벼움,강함,강함,강함,무거움,출처,:,주류,문화,컬럼니스트,&,세종,사이버,대학교,명욱,교수,VER,,,,,
84,배꽃담은 연 생막걸리 맛 그래프,배꽃,담은,연,생,막걸리,맛,그래프,단맛,약함,신맛,약함,청량감,약함,바디감,가벼움,강함,강함,강함,무거움,출저,:,한국,가양주,연구소,류인수,소장,NAVER,,,,,,,,
85,고도리 아이스 와인 맛 그래프,고도리,아이스,와인,맛,그래프,단맛,약함,강함,신맛,약함,강함,청량감,약함,강함,바디감,가벼움,무거움,균형감,출처,:,레스토랑,주은,김주용,소믈리에,",",최정욱,와인,연구소,최정욱,손자,VER,,,,
86,볼빨간막걸리 10 맛 그래프,볼빨간,막걸리,10,맛,그래프,단맛,약함,강함,신맛,약함,강함,청량감,약함,강함,바디감,가벼움,무거움,출저,:,한국,가양주,연구소,류인수,소장,,,,,,,,,,,
87,복순도가손막걸리 맛 그래프,복순,도가,손,막걸리,맛,그래프,단맛,낮음,높음,신맛,낮음,높음,청량감,낮음,높음,바디감,무거움,가벼움,출처,:,한국,가양주,연구소,류인수,소장,AVER,,,,,,,,,
88,죽력고 맛 그래프,죽력고,맛,그래프,향,약함,강함,바디감,가벼움,무거움,목넘김,부드러움,거침,출처,:,한국,가양주,연구소,류인수,소장,NAVER,,,,,,,,,,,,,,,
89,방문주 탁주 맛 그래프,방문,주,탁주,맛,그래프,단맛,약함,강함,신맛,약함,강함,청량감,약함,강함,바디감,가벼움,무거움,출처,:,주류,문화,컬럼니스트,&,전통주,갤러리,부관장,명욱,",",NAVER,,,,,,
90,자희향국화주 맛그래프,자희,향,국화주,맛,그래프,단맛,낮음,높음,신맛,낮음,높음,청량감,낮음,높음,바디감,무거움,가벼움,출처,:,한국,가양주,연구소,류인수,소장,AVER,,,,,,,,,,
91,조선주조사 맛 그래프,조선주,조사,맛,그래프,단맛,약함,신맛,약함,청량감,약함,바디감,가벼움,강함,강함,강함,무거움,출처,:,주류,문화,컬럼니스트,&,세종,사이버,대학교,명욱,교수,NAVER,,,,,,,
92,양촌생동동주 맛그래프,양촌,생,동동주,맛,그래프,단맛,낮음,높음,신맛,낮음,높음,청량감,낮음,높음,바디감,무거움,가벼움,출처,:,한국,가양주,연구소,류인수,소장,AVER,,,,,,,,,,
93,소풍 맛 그래프,소풍,맛,그래프,단맛,약함,강함,신맛,약함,강함,청량감,약함,강함,무거움,바디감,가벼움,균형감,출처,:,이현주,소믈리에,VER,,,,,,,,,,,,,,
94,감홍로 백자 맛 그래프,감홍로,백자,맛,그래프,향기,약함,강함,맛,드라이,스위트,바디감,라이트,헤비,출처,:,한국,가양주,연구소,류인수,소장,NAVER,,,,,,,,,,,,,,
95,포엠 로제와인 맛 그래프,포엠,로제,와인,맛,그래프,단맛,약함,강함,신맛,약함,강함,청량감,약함,강함,바디감,가벼움,무거움,출처,:,주류,문화,컬럼니스트,&,세종,사이버,대학교,명욱,교수,",",NAVER,,,,,
96,다랭이팜 생막걸리(흑미) 맛그래프,다랭이,팜,생,막걸리,(,흑미,),맛,그래프,단맛,낮음,높음,신맛,낮음,높음,청량감,낮음,높음,바디감,무거움,가벼움,출처,:,한국,가양주,연구소,류인수,소장,AVER,,,,,,
97,맑은내일 유자 맛 그래프,맑은,내일,유자,맛,그래프,단맛,약함,강함,신맛,약함,강함,청량감,약함,강함,무거움,바디감,가벼움,균형감,출처,:,이현주,소믈리에,VER,,,,,,,,,,,,
98,한산소곡주 불소주 맛 그래프,한산,소곡주,불,소주,맛,그래프,단맛,약함,강함,신맛,약함,강함,청량감,약함,강함,무거움,바디감,가벼움,균형감,출처,:,김영우,소믈리에,VER,,,,,,,,,,,
99,백자주 맛 그래프,백,자주,맛,그래프,단맛,약함,강함,신맛,약함,강함,청량감,약함,강함,바디감,가벼움,무거움,출처,:,한국,가양주,연구소,류인수,소장,NAVER,,,,,,,,,,,
100,무주구천동 산머루주 맛 그래프,무주,구천동,산머루,주,맛,그래프,단맛,낮음,높음,신맛,낮음,높음,청량감,낮음,높음,바디감,무거움,가벼움,출처,:,한국,가양주,연구소,류인수,소,AVER,,,,,,,,,
101,복분자아락 맛 그래프,복분자,아락,맛,그래프,향기,약함,강함,맛,드라이,스위트,바디감,라이트,헤비,출처,:,한국,가양주,연구소,류인수,소장,NAVER,,,,,,,,,,,,,,
102,전주술로시티 경기전 맛 그래프,전주,술,로,시티,경기,전,맛,그래프,단맛,약함,강함,신맛,약함,강함,청량감,약함,강함,바디감,가벼움,무거움,출처,:,주류,문화,컬럼니스트,&,전통주,갤러리,부관장,명욱,NAVER,,,,
103,배꽃필무렵 맛 그래프,배꽃,필,무렵,맛,그래프,단맛,약함,강함,신맛,약함,강함,청량감,약함,강함,무거움,바디감,가벼움,균형감,출처,:,김영우,소믈리에,VER,,,,,,,,,,,,
104,청송 얼음골 동동주 맛 그래프,청송,얼음골,동동주,맛,그래프,단맛,약함,신맛,약함,청량감,약함,바디감,가벼움,강함,강함,강함,무거움,출저,:,한국,가양주,연구소,류인수,소장,VER,,,,,,,,,,
105,문경주조 오미자 생막걸리 맛그래프,문경,주조,오미자,생,막걸리,맛,그래프,단맛,낮음,높음,신맛,낮음,높음,청량감,낮음,높음,바디감,무거움,가벼움,출처,:,한국,가양주,연구소,류인수,소장,AVER,,,,,,,,
106,내장산복분자주 맛 그래프,내장산,복분자주,맛,그래프,단맛,낮음,높음,신맛,낮음,높음,바디감,낮음,높음,목넘김,무거움,가벼움,출처,:,한국,가양주,연구소,류인수,소장,AVER,,,,,,,,,,,
107,복분자음 맛 그래프,복분자,음,맛,그래프,단맛,낮음,신맛,낮음,청량감,낮음,바디감,무거움,높음,높음,높음,가벼움,출처,:,한국,가양주,연구소,류인수,소,AVER,,,,,,,,,,,
108,김포약주 맛 그래프,김포,약주,맛,그래프,단맛,약함,강함,신맛,약함,강함,청량감,약함,강함,바디감,가벼움,무거움,출처,:,한국,가양주,연구소,류인수,소장,NAVER,,,,,,,,,,,
109,천비향 약주 맛 그래프,천비,향,약주,맛,그래프,단맛,약함,강함,신맛,약함,강함,청량감,약함,강함,바디감,가벼움,균형감,무거움,출처,:,이현주,소믈리에,,,,,,,,,,,,,
110,장홍삼 장수막걸리 맛 그래프,장홍삼,장수,막걸리,맛,그래프,단맛,낮음,신맛,낮음,청량감,낮음,바디감,무거움,높음,높음,높음,가벼움,출처,:,한국,가양주,연구소,류인수,소,AVER,,,,,,,,,,
111,마셔블랑 맛 그래프,마셔,블랑,맛,그래프,단맛,약함,신맛,약함,강함,강함,청량감,약함,강함,바디감,가벼움,무거움,출처,:,주류,문화,컬럼니스트,&,전통주,갤러리,부관장,명욱,",",NAVER,,,,,,,
112,도구막걸리 맛 그래프,도구,막걸리,맛,그래프,단맛,약함,신맛,약함,청량감,약함,바디감,가벼움,강함,강함,강함,무거움,출저,:,한국,가양주,연구소,류인수,소장,VER,,,,,,,,,,,
113,백운 복분자와인 맛 그래프,백운,복분자,와인,맛,그래프,단맛,낮음,높음,신맛,낮음,높음,청량감,낮음,높음,바디감,무거움,가벼움,출처,:,한국,가양주,연구소,류인수,소,AVER,,,,,,,,,,
114,동강더덕주 맛 그래프,동강,더덕주,맛,그래프,향기,약함,강함,맛,드라이,스위트,바디감,라이트,헤비,출처,:,한국,가양주,연구소,류인수,소장,NAVER,,,,,,,,,,,,,,
115,제주 고소리술 맛 그래프,제주,고,소리,술,맛,그래프,향,약함,강함,바디감,가벼움,무거움,목넘김,부드러움,거침,출처,:,한국,가양주,연구소,류인수,소장,NAVER,,,,,,,,,,,,
116,두레앙 22 맛 그래프,두레,앙,22,맛,그래프,향,약함,강함,바디감,가벼움,무거움,목넘김,부드러움,거침,출처,:,한국,가양주,연구소,류인수,소장,NAVER,,,,,,,,,,,,,
117,가을빛 레드와인 맛 그래프,가을,빛,레드,와인,맛,그래프,단맛,약함,강함,신맛,약함,강함,청량감,약함,강함,바디감,가벼움,무거움,출처,:,주류,문화,컬럼니스트,&,전통주,갤러리,부관장,명욱,,,,,,,
118,금산농원 사과와인 맛 그래프,금산,농원,사과,와인,맛,그래프,단맛,약함,강함,신맛,약함,강함,청량감,약함,강함,바디감,가벼움,무거움,출저,:,한국,가양주,연구소,류인수,소장,NAVER,,,,,,,,,
119,심플리 애플 맛 그래프,심플리,애플,맛,그래프,향,약함,맛,드라이,바디감,가벼움,강함,스위트,목넘김,부드러움,균형감,무거움,거침,출처,:,전진,아,",",이재욱,소믈리에,,,,,,,,,,,
120,문희 '햇찹쌀 수제전통주 맛그래프,문희,',햇,찹쌀,수제,전통주,맛,그래프,단맛,낮음,높음,신맛,낮음,높음,청량감,낮음,높음,바디감,무거움,가벼움,출처,:,한국,가양주,연구소,류인수,소장,AVER,,,,,,,
121,펀치바나나 맛 그래프,펀치,바나나,맛,그래프,단맛,낮음,높음,신맛,낮음,높음,청량감,낮음,높음,바디감,무거움,가벼움,출처,:,한국,가양주,연구소,류인수,소,AVER,,,,,,,,,,,
122,감천막걸리 맛 그래프,감천,막걸리,맛,그래프,단맛,약함,강함,신맛,약함,강함,청량감,약함,강함,바디감,가벼움,무거움,균형감,출처,:,경기도,농업,기술원,이대형,박사,",",세종,사이버대,명욱,교수,,,,,,
123,병영성 생막걸리 맛 그래프,병영성,생,막걸리,맛,그래프,단맛,약함,강함,신맛,약함,강함,청량감,약함,강함,바디감,가벼움,무거움,출저,:,한국,가양주,연구소,류인수,소장,NAVER,,,,,,,,,,
124,블루베리이야기 맛 그래프,블루,베리,이야기,맛,그래프,단맛,낮음,높음,신맛,낮음,높음,청량감,낮음,높음,바디감,무거움,가벼움,출처,:,한국,가양주,연구소,류인수,소,AVER,,,,,,,,,,
125,부자막걸리 맛 그래프,부자,막걸리,맛,그래프,단맛,낮음,높음,신맛,낮음,높음,청량감,낮음,높음,바디감,무거움,가벼움,출처,:,한국,가양주,연구소,류인수,소장,AVER,,,,,,,,,,,
126,금산인삼주 맛 그래프,금산,인삼주,맛,그래프,단맛,낮음,신맛,낮음,청량감,낮음,바디감,무거움,높음,높음,높음,가벼움,출처,:,한국,가양주,연구소,류인수,소,AVER,,,,,,,,,,,
127,불소곡주 맛 그래프,불,소곡주,맛,그래프,향기,약함,강함,맛,드라이,스위트,바디감,라이트,헤비,출처,:,한국,가양주,연구소,류인수,소장,NAVER,,,,,,,,,,,,,,
128,김포특주 맛 그래프,김포,특주,맛,그래프,단맛,약함,강함,신맛,약함,강함,청량감,약함,강함,바디감,가벼움,무거움,출처,:,주류,문화,컬럼니스트,&,전통주,갤러리,부관장,명욱,NAVER,,,,,,,,
129,해창12도 생막걸리 맛그래프,해창,12,도,생,막걸리,맛,그래프,단맛,낮음,높음,신맛,낮음,높음,청량감,낮음,높음,바디감,무거움,가벼움,출처,:,한국,가양주,연구소,류인수,소장,AVER,,,,,,,,
130,대작 생막걸리 맛 그래프,대작,생,막걸리,맛,그래프,단맛,약함,신맛,약함,청량감,약함,바디감,가벼움,강함,강함,강함,무거움,출처,:,주류,문화,컬럼니스트,&,세종,사이버,대학교,명욱,교수,NAVER,,,,,,
131,자희향탁주 맛그래프,자희,향,탁주,맛,그래프,단맛,낮음,높음,신맛,낮음,높음,청량감,낮음,높음,바디감,무거움,가벼움,출처,:,한국,가양주,연구소,류인수,소장,AVER,,,,,,,,,,
132,은자골생탁배기 맛그래프,은자,골생,탁배기,맛,그래프,단맛,낮음,높음,신맛,낮음,높음,청량감,낮음,높음,바디감,무거움,가벼움,출처,:,한국,가양주,연구소,류인수,소장,AVER,,,,,,,,,,
133,르깔롱 맛 그래프,르,깔롱,맛,그래프,향,약함,강함,바디감,가벼움,무거움,목넘김,부드러움,거침,출처,:,한국,가양주,연구소,류인수,소장,NAVER,,,,,,,,,,,,,,
134,화주 맛 그래프,화주,맛,그래프,향,약함,강함,바디감,가벼움,무거움,목넘김,부드러움,거침,출처,:,한국,가양주,연구소,류인수,소장,NAVER,,,,,,,,,,,,,,,
135,오디랑 맛그래프,오디,랑,맛,그래프,단맛,낮음,높음,신맛,낮음,높음,바디감,낮음,높음,목넘김,무거움,가벼움,출처,:,한국,가양주,연구소,류인수,소장,VER,,,,,,,,,,,
136,모을동주 소주 맛 그래프,모을,동주,소주,맛,그래프,향,약함,바디감,가벼움,강함,무거움,목넘김,부드러움,거침,출처,:,주류,문화,컬럼니스트,&,세종,사이버,대학교,명욱,교수,NAVER,,,,,,,,,
137,단맛,단맛,약함,신맛,약함,청량감,약함,바디감,가벼움,백년,향,맛,그래프,강함,강함,강함,무거움,출저,:,한국,가양주,연구소,류인수,소장,VER,,,,,,,,,,,
138,완도유자막걸리 맛 그래프,완도,유자,막걸리,맛,그래프,단맛,약함,강함,신맛,약함,강함,청량감,약함,강함,무거움,바디감,가벼움,균형감,출처,:,김영우,소믈리에,VER,,,,,,,,,,,,
139,아이원 막걸리 맛 그래프,아이원,막걸리,맛,그래프,단맛,약함,강함,신맛,약함,강함,청량감,약함,강함,바디감,가벼움,무거움,출처,:,주류,문화,컬럼니스트,&,전통주,갤러리,부관장,명욱,NAVER,,,,,,,,
140,아홉쌀 맛 그래프,아홉,쌀,맛,그래프,단맛,약함,강함,신맛,약함,강함,청량감,약함,강함,바디감,가벼움,무거움,균형감,출처,:,경기도,농업,기술원,이대형,박사,",",세종,사이버대,명욱,교,ve,,,,,
141,지리산 정담 생막걸리 맛 그래프,지리산,정담,생,막걸리,맛,그래프,단맛,낮음,신맛,낮음,청량감,낮음,바디감,무거움,높음,높음,높음,가벼움,출처,:,한국,가양주,연구소,류인수,소,AVER,,,,,,,,,
142,계룡산 산삼주 금수강산 40% 맛 그래프,계룡산,산삼주,금수,강산,40,%,맛,그래프,향,약함,강함,바디감,가벼움,무거움,목넘김,부드러움,거침,출처,:,한국,가양주,연구소,류인수,소장,NAVER,,,,,,,,,,
143,소백산생막걸리 맛그래프,소백산,생,막걸리,맛,그래프,단맛,낮음,높음,신맛,낮음,높음,청량감,낮음,높음,바디감,무거움,가벼움,출처,:,한국,가양주,연구소,류인수,소장,AVER,,,,,,,,,,
144,지장수호박막걸리 맛그래프,지장수,호박,막걸리,맛,그래프,단맛,낮음,높음,신맛,낮음,높음,청량감,낮음,높음,바디감,무거움,가벼움,출처,:,한국,가양주,연구소,류인수,소장,AVER,,,,,,,,,,
145,산막 생유막걸리 맛 그래프,산막,생유,막걸리,맛,그래프,단맛,낮음,높음,신맛,낮음,높음,청량감,낮음,높음,바디감,무거움,가벼움,출처,:,한국,가양주,연구소,류인수,소,AVER,,,,,,,,,,
146,명인홍삼주 맛 그래프,명인,홍삼,주,맛,그래프,단맛,낮음,신맛,낮음,청량감,낮음,바디감,무거움,높음,높음,높음,가벼움,출처,:,한국,가양주,연구소,류인수,소,AVER,,,,,,,,,,
147,단맛,단맛,약함,신맛,약함,청량감,약함,바디감,가벼움,행운,주,맛,그래프,강함,강함,강함,무거움,출저,:,한국,가양주,연구소,류인수,소장,NAVER,,,,,,,,,,,
148,문경바람 오크 40도 맛 그래프,문경,바람,오크,40,도,맛,그래프,단맛,약함,강함,신맛,약함,강함,청량감,약함,강함,바디감,가벼움,무거움,균형감,출처,:,경기도,농업,기술원,이대형,박사,",",세종,사이버대,명욱,교슌,VER,,
149,진쾌남 맛 그래프,진,쾌남,맛,그래프,향,약함,강함,바디감,가벼움,무거움,목넘김,부드러움,거침,출처,:,주류,문화,컬럼니스트,&,전통주,갤러리,부관장,명욱,NAVER,,,,,,,,,,,
150,계룡백일주 30% 맛 그래프,계룡,백일주,30,%,맛,그래프,향기,약함,강함,맛,드라이,스위트,바디감,라이트,헤비,출처,:,한국,가양주,연구소,류인수,소장,NAVER,,,,,,,,,,,,
151,회곡생동동주 맛그래프,회곡,생,동동주,맛,그래프,단맛,낮음,높음,신맛,낮음,높음,청량감,낮음,높음,바디감,무거움,가벼움,출처,:,한국,가양주,연구소,류인수,소장,AVER,,,,,,,,,,
152,다래와인 7004S 맛 그래프,다래,와인,7004S,맛,그래프,단맛,낮음,높음,신맛,낮음,높음,청량감,낮음,높음,바디감,무거움,가벼움,출처,:,한국,가양주,연구소,류인수,소,AVER,,,,,,,,,,
153,크라테 화이트와인 맛 그래프,크라,테,화이트,와인,맛,그래프,단맛,약함,강함,신맛,약함,강함,청량감,약함,강함,바디감,가벼움,무거움,균형감,출처,:,레스토랑,주은,김주용,소믈리에,",",최정욱,와인,연구소,최정욱,손장,,,,
154,전주술로시티 풍남문 맛 그래프,전주,술,로,시티,풍남문,맛,그래프,단맛,약함,강함,신맛,약함,강함,청량감,약함,강함,바디감,가벼움,무거움,출처,:,주류,문화,컬럼니스트,&,전통주,갤러리,부관장,명욱,NAVER,,,,,
155,해미읍성 딸기와인 맛 그래프,해미읍,성,딸기,와인,맛,그래프,단맛,약함,신맛,약함,청량감,약함,바디감,가벼움,강함,강함,강함,무거움,출저,:,한국,가양주,연구소,류인수,소장,,,,,,,,,,
156,한비 무병장수술 맛 그래프,한비,무병,장수술,맛,그래프,향,약함,강함,바디감,가벼움,무거움,목넘김,부드러움,거침,출처,:,한국,가양주,연구소,류인수,소장,NAVER,,,,,,,,,,,,,
157,술샘 이화주 맛 그래프,술샘,이화주,맛,그래프,단맛,약함,강함,신맛,약함,강함,청량감,약함,강함,무거움,바디감,가벼움,균형감,출처,:,이현주,소믈리에,,,,,,,,,,,,,,
158,설레 7도 맛 그래프,설레,7,도,맛,그래프,단맛,약함,강함,신맛,약함,강함,청량감,약함,강함,무거움,바디감,가벼움,균형감,출처,:,이현주,소믈리에,VER,,,,,,,,,,,,
159,지란지교 무화과 탁주 맛 그래프,지란지교,무화과,탁주,맛,그래프,단맛,약함,강함,신맛,약함,강함,청량감,약함,강함,무거움,바디감,가벼움,균형감,출처,:,전진,아,",",이재욱,소믈리에,,,,,,,,,,
160,소백산 청동동주 맛그래프,소백산,청,동동주,맛,그래프,단맛,낮음,높음,신맛,낮음,높음,청량감,낮음,높음,바디감,무거움,가벼움,출처,:,한국,가양주,연구소,류인수,소장,AVER,,,,,,,,,,
161,한산소곡주 맛그래프,한산,소곡주,맛,그래프,단맛,낮음,높음,신맛,낮음,높음,바디감,낮음,높음,목넘김,무거움,가벼움,출처,:,한국,가양주,연구소,류인수,소장,AVER,,,,,,,,,,,
162,장수 생막걸리 맛 그래프,장수,생,막걸리,맛,그래프,단맛,낮음,높음,신맛,낮음,높음,청량감,낮음,높음,바디감,무거움,가벼움,출처,:,한국,가양주,연구소,류인수,소,AVER,,,,,,,,,,
163,지평생막걸리 옛막걸리 맛그래프,지,평생,막걸리,옛,막걸리,맛,그래프,단맛,낮음,높음,신맛,낮음,높음,청량감,낮음,높음,바디감,무거움,가벼움,출처,:,한국,가양주,연구소,류인수,소장,AVER,,,,,,,,
164,예천주 만월 24% 맛 그래프,예천,주,만월,24,%,맛,그래프,향,약함,바디감,가벼움,강함,무거움,목넘김,부드러움,거침,출처,:,한국,가양주,연구소,류인수,소장,NAVER,,,,,,,,,,,
165,김포예주 맛 그래프,김포,예주,맛,그래프,단맛,약함,강함,신맛,약함,강함,청량감,약함,강함,바디감,가벼움,무거움,출처,:,한국,가양주,연구소,류인수,소장,NAVER,,,,,,,,,,,
166,정고집 나주쌀 생막걸리 맛 그래프,정,고집,나주,쌀,생,막걸리,맛,그래프,단맛,약함,강함,신맛,약함,강함,청량감,약함,강함,바디감,가벼움,무거움,출처,:,주류,문화,컬럼니스트,&,전통주,갤러리,부관장,명욱,NAVER,,,,
167,지장수호박생막걸리 맛그래프,지장수,호박,생,막걸리,맛,그래프,단맛,낮음,높음,신맛,낮음,높음,청량감,낮음,높음,바디감,무거움,가벼움,출처,:,한국,가양주,연구소,류인수,소장,AVER,,,,,,,,,
168,코이버펑크 머스캣 베일리 에이 맛 그래프,코이,버,펑크,머스,캣,베일리,에이,맛,그래프,단맛,약함,강함,신맛,약함,강함,청량감,약함,강함,바디감,가벼움,무거움,출처,:,코이,버,펑크,",",NAVER,,,,,,,
169,베베마루 캠벨로제스위트 맛 그래프,베베,마루,캠벨,로제,스위트,맛,그래프,단맛,낮음,높음,신맛,낮음,높음,청량감,낮음,높음,바디감,무거움,가벼움,출처,:,한국,가양주,연구소,류인수,소,AVER,,,,,,,,
170,병영성사또 맛 그래프,병영성,사또,맛,그래프,향,약함,바디감,가벼움,강함,무거움,목넘김,부드러움,거침,출처,:,한국,가양주,연구소,류인수,소장,NAVER,,,,,,,,,,,,,,
171,술아 연화주 맛 그래프,술아,연화,주,맛,그래프,단맛,약함,강함,신맛,약함,강함,청량감,약함,강함,바디감,가벼움,무거움,출처,:,주류,문화,컬럼니스트,&,전통주,갤러리,부관장,명욱,NAVER,,,,,,,
172,별산 맛 그래프,별산,맛,그래프,단맛,약함,강함,신맛,약함,강함,청량감,약함,강함,바디감,가벼움,무거움,균형감,출처,:,경기도,농업,기술원,이대형,박사,",",세종,사이버대,명욱,교,ve,,,,,,
173,단맛,단맛,약함,신맛,약함,청량감,약함,바디감,가벼움,연천,연주,맛,그래프,강함,강함,강함,무거움,출처,:,주류,문화,컬럼니스트,&,세종,사이버,대학교,명욱,교수,VER,,,,,,,
174,세우리 맛 그래프,세,우리,맛,그래프,향,약함,강함,바디감,가벼움,무거움,목넘김,부드러움,거침,출처,:,한국,가양주,연구소,류인수,소장,NAVER,,,,,,,,,,,,,,
175,행운 막걸리 맛 그래프,행운,막걸리,맛,그래프,단맛,약함,신맛,약함,청량감,약함,바디감,가벼움,강함,강함,강함,무거움,출저,:,한국,가양주,연구소,류인수,소장,VER,,,,,,,,,,,
176,편백숲 산소막걸리 맛 그래프,편백,숲,산소,막걸리,맛,그래프,단맛,약함,강함,신맛,약함,강함,청량감,약함,강함,바디감,가벼움,무거움,출저,:,한국,가양주,연구소,류인수,소장,NAVER,,,,,,,,,
177,고구마아락 맛 그래프,고구마,아락,맛,그래프,향기,약함,강함,맛,드라이,스위트,바디감,라이트,헤비,출처,:,한국,가양주,연구소,류인수,소장,NAVER,,,,,,,,,,,,,,
178,고창선운산복분자주 특1호 맛 그래프,고창,선운산,복분자주,특,1,호,맛,그래프,단맛,약함,강함,신맛,약함,강함,청량감,약함,강함,바디감,가벼움,무거움,출처,:,한국,가양주,연구소,류인수,소장,NAVER,,,,,,,
179,세종대왕어주 탁주 맛 그래프,세종대왕,어주,탁주,맛,그래프,단맛,약함,강함,신맛,약함,강함,청량감,약함,강함,바디감,가벼움,무거움,출저,:,한국,가양주,연구소,류인수,소장,NAVER,,,,,,,,,,
180,우렁이쌀 청주 맛 그래프,우렁이,쌀,청주,맛,그래프,단맛,약함,강함,신맛,약함,강함,청량감,약함,강함,무거움,바디감,가벼움,균형감,출처,:,김영우,소믈리에,VER,,,,,,,,,,,,
181,과천미주 맛 그래프,과천,미주,맛,그래프,단맛,약함,강함,신맛,약함,강함,청량감,약함,강함,바디감,가벼움,무거움,균형감,출처,:,경기도,농업,기술원,이대형,박사,",",세종,사이버대,명욱,교,ve,,,,,
182,뱅꼬레 로제와인 맛 그래프,뱅,꼬레,로제,와인,맛,그래프,단맛,약함,신맛,약함,청량감,약함,바디감,가벼움,강함,강함,강함,무거움,출처,:,주류,문화,컬럼니스트,&,전통주,갤러리,부관장,명욱,NAVER,,,,,,
183,편백숲 산소막걸리 순수령 맛 그래프,편백,숲,산소,막걸리,순,수령,맛,그래프,단맛,약함,신맛,약함,청량감,약함,바디감,가벼움,강함,강함,강함,무거움,출저,:,한국,가양주,연구소,류인수,소장,,,,,,,,
184,려 고구마 증류소주 40% 맛 그래프,려,고구마,증류,소주,40,%,맛,그래프,향기,약,강,목넘김,드라이,스위트,바디감,라이트,헤비,출처,:,한국,가양주,연구소,류인수,소장,VR,,,,,,,,,,
185,추성주맛그래프,추성,주맛,그래프,단맛,낮음,높음,신맛,낮음,높음,청량감,낮음,높음,바디감,무거움,가벼움,출처,:,한국,가양주,연구소,류인수,소장,AVER,,,,,,,,,,,,
186,기다림 34 맛 그래프,기다림,34,맛,그래프,단맛,약함,강함,신맛,약함,강함,청량감,약함,강함,바디감,가벼움,무거움,출저,:,한국,가양주,연구소,류인수,소장,NAVER,,,,,,,,,,,
187,그랑고또 레드와인 맛 그래프,그랑,고또,레드,와인,맛,그래프,단맛,약함,신맛,약함,청량감,약함,바디감,가벼움,강함,강함,강함,무거움,출처,:,주류,문화,컬럼니스트,&,세종,사이버,대학교,명욱,교수,VER,,,,,
188,1932새싹땅콩 햅쌀막걸리 맛 그래프,1932,새싹,땅콩,햅쌀,막걸리,맛,그래프,단맛,낮음,높음,신맛,낮음,높음,청량감,낮음,높음,바디감,무거움,가벼움,출처,:,한국,가양주,연구소,류인수,소,AVER,,,,,,,,
189,해미읍성 모과와인 밤 맛 그래프,해미읍,성,모과,와인,밤,맛,그래프,단맛,약함,강함,신맛,약함,강함,청량감,약함,강함,바디감,가벼움,무거움,출저,:,한국,가양주,연구소,류인수,소장,NAVER,,,,,,,,
190,청혼 블루 맛 그래프,청혼,블루,맛,그래프,단맛,약함,강함,신맛,약함,강함,청량감,약함,강함,바디감,가벼움,무거움,균형감,출처,:,경기도,농업,기술원,이대형,박사,",",세종,사이버대,명욱,교,ve,,,,,
191,청혼 화이트 맛 그래프,청혼,화이트,맛,그래프,단맛,약함,강함,신맛,약함,강함,청량감,약함,강함,바디감,가벼움,무거움,균형감,출처,:,경기도,농업,기술원,이대형,박사,",",세종,사이버대,명욱,교수,VE,,,,,
192,단맛,단맛,약함,신맛,약함,뉴트로,맛,그래프,강함,강함,청량감,약함,강함,바디감,가벼움,무거움,출처,:,주류,문화,컬럼니스트,&,세종,사이버,대학교,명욱,교수,",",NAVER,,,,,,,
193,한비 오가피술 맛 그래프,한비,오가피,술,맛,그래프,향,약함,강함,바디감,가벼움,무거움,목넘김,부드러움,거침,출처,:,한국,가양주,연구소,류인수,소장,NAVER,,,,,,,,,,,,,
194,술그리다 생탁주 맛 그래프,술,그리다,생,탁주,맛,그래프,단맛,약함,강함,신맛,약함,강함,청량감,약함,강함,바디감,가벼움,무거움,출처,:,한국,가양주,연구소,류인수,소장,NAVER,,,,,,,,,
195,만강에 비친 달맛그래프,만강,에,비친,달맛,그래프,단맛,낮음,높음,신맛,낮음,높음,청량감,낮음,높음,바디감,무거움,가벼움,출처,:,한국,가양주,연구소,류인수,소장,AVER,,,,,,,,,,
196,면천두견주 맛 그래프,면천,두견주,맛,그래프,단맛,약함,강함,신맛,약함,강함,청량감,약함,강함,바디감,가벼움,무거움,출처,:,한국,가양주,연구소,류인수,소장,NAVER,,,,,,,,,,,
197,모리 19도 맛 그래프,모리,19,도,맛,그래프,단맛,약함,강함,신맛,약함,강함,청량감,약함,강함,무거움,바디감,가벼움,균형감,출처,:,이현주,소믈리에,VER,,,,,,,,,,,,
198,해미읍성 매실와인 맛 그래프,해미읍,성,매실,와인,맛,그래프,단맛,약함,강함,신맛,약함,강함,청량감,약함,강함,바디감,가벼움,무거움,출저,:,한국,가양주,연구소,류인수,소장,NAVER,,,,,,,,,
199,맑은내일 스파클링 막걸리 시그니처 맛 그래프,맑은,내일,스파클링,막걸리,시그니처,맛,그래프,단맛,약함,강함,신맛,약함,강함,청량감,약함,강함,바디감,가벼움,무거움,균형감,출처,:,경기도,농업,기술원,이대형,박사,",",세종,사이버대,명욱,교,ve,,
200,서울효모방 탁주 단홍 맛 그래프,서울,효모,방,탁주,단홍,맛,그래프,단맛,약함,강함,신맛,약함,강함,청량감,약함,강함,무거움,바디감,가벼움,균형감,출처,:,이현주,소믈리에,VER,,,,,,,,,,
201,안동소주일품 21 맛 그래프,안동,소주,일품,21,맛,그래프,향기,약함,강함,맛,드라이,스위트,바디감,라이트,헤비,출처,:,한국,가양주,연구소,류인수,소장,NAVER,,,,,,,,,,,,
202,순향주 맛 그래프,순,향주,맛,그래프,단맛,약함,강함,신맛,약함,강함,청량감,약함,강함,바디감,가벼움,무거움,출저,:,한국,가양주,연구소,류인수,소장,NAVER,,,,,,,,,,,
203,쿨샷 7.5 맛 그래프,쿨샷,7.5,맛,그래프,단맛,약함,강함,신맛,약함,강함,청량감,약함,강함,바디감,가벼움,무거움,출처,:,한국,가양주,연구소,류인수,소장,NAVER,,,,,,,,,,,
204,설궁 맛 그래프,설궁,맛,그래프,향기,약함,강함,맛,드라이,스위트,바디감,라이트,헤비,출처,:,한국,가양주,연구소,류인수,소장,NAVER,,,,,,,,,,,,,,,
205,백련생막걸리 Snow 맛그래프,백련,생,막걸리,Snow,맛,그래프,단맛,낮음,높음,신맛,낮음,높음,청량감,낮음,높음,바디감,무거움,가벼움,출처,:,한국,가양주,연구소,류인수,소장,AVER,,,,,,,,,
206,세종쌀막걸리 맛그래프,세종,쌀,막걸리,맛,그래프,단맛,낮음,높음,신맛,낮음,높음,청량감,낮음,높음,바디감,무거움,가벼움,출처,:,한국,가양주,연구소,류인수,소장,AVER,,,,,,,,,,
207,천마몽 맛 그래프,천마,몽,맛,그래프,향기,약함,강함,맛,드라이,스위트,바디감,라이트,헤비,출처,:,한국,가양주,연구소,류인수,소장,NAVER,,,,,,,,,,,,,,
208,화천용화산 맛 그래프,화천,용화산,맛,그래프,단맛,약함,강함,신맛,약함,강함,청량감,약함,강함,무거움,바디감,가벼움,균형감,출처,:,김영우,소믈리에,VER,,,,,,,,,,,,,
209,머루이야기 맛 그래프,머루,이야기,맛,그래프,단맛,낮음,신맛,낮음,청량감,낮음,바디감,무거움,높음,높음,높음,가벼움,출처,:,한국,가양주,연구소,류인수,소,AVER,,,,,,,,,,,
210,화전일취 맛 그래프,화전,일취,맛,그래프,단맛,약함,강함,신맛,약함,강함,청량감,약함,강함,무거움,바디감,가벼움,균형감,출처,:,이현주,소믈리에,VER,,,,,,,,,,,,,
211,g12 골디락스 맛 그래프,g12,골디락스,맛,그래프,단맛,약함,강함,신맛,약함,강함,청량감,약함,강함,무거움,바디감,가벼움,균형감,출처,:,전진,아,",",이재욱,소믈리에,,,,,,,,,,,
212,자연담은 복분자막걸리 맛 그래프,자연,담은,복분자,막걸리,맛,그래프,단맛,낮음,높음,신맛,낮음,높음,청량감,낮음,높음,바디감,무거움,가벼움,출처,:,한국,가양주,연구소,류인수,소,AVER,,,,,,,,,
213,정고집 나주배 약주 9% 맛 그래프,정,고집,나주,배,약주,9,%,맛,그래프,단맛,약함,강함,신맛,약함,강함,청량감,약함,강함,바디감,가벼움,무거움,출처,:,주류,문화,컬럼니스트,&,전통주,갤러리,부관장,명욱,NAVER,,,
214,오희 스파클링 막걸리 맛 그래프,오희,스파클링,막걸리,맛,그래프,단,맛,약함,강함,신맛,약함,강함,청량감,약함,강함,바디감,가벼움,무거움,출처,:,한국,가양주,연구소,류인수,소장,NAVER,,,,,,,,,
215,레돔 시드르 맛 그래프,레돔,시드,르,맛,그래프,단맛,약함,강함,신맛,약함,강함,청량감,약함,강함,바디감,가벼움,무거움,출처,:,주류,문화,컬럼니스트,&,전통주,갤러리,부관장,명욱,NAVER,,,,,,,
216,포엠 레드 드라이와인 맛 그래프,포엠,레드,드라이,와인,맛,그래프,단맛,약함,신맛,약함,청량감,약함,바디감,가벼움,강함,강함,강함,무거움,출처,:,주류,문화,컬럼니스트,&,세종,사이버,대학교,명욱,교수,NAVER,,,,,
217,고소리술 맛 그래프,고,소리,술,맛,그래프,단맛,약함,강함,신맛,약함,강함,청량감,약함,강함,무거움,바디감,가벼움,균형감,출처,:,이현주,소믈리에,,,,,,,,,,,,,
218,동정춘 막걸리 맛 그래프,동정,춘,막걸리,맛,그래프,단맛,약함,신맛,약함,청량감,약함,바디감,가벼움,강함,강함,강함,무거움,출저,:,한국,가양주,연구소,류인수,소자,,,,,,,,,,,
219,1932새싹땅콩 흑미막걸리 맛 그래프,1932,새싹,땅콩,흑미,막걸리,맛,그래프,단맛,낮음,높음,신맛,낮음,높음,청량감,낮음,높음,바디감,무거움,가벼움,출처,:,한국,가양주,연구소,류인수,소,AVER,,,,,,,,
220,겨울소주 25 맛 그래프,겨울,소주,25,맛,그래프,향,약함,강함,바디감,가벼움,무거움,목넘김,부드러움,거침,출처,:,한국,가양주,연구소,류인수,소자,VER,,,,,,,,,,,,,
221,바랑 탁 맛 그래프,바랑,탁,맛,그래프,단맛,약함,강함,신맛,약함,강함,청량감,약함,강함,바디감,가벼움,무거움,출저,:,한국,가양주,연구소,류인수,소장,NAVER,,,,,,,,,,,
222,지란지교 탁주 맛 그래프,지란지교,탁주,맛,그래프,단맛,약함,신맛,약함,청량감,약함,바디감,가벼움,균형감,강함,강함,강함,무거움,출처,:,이대형,박사,VER,,,,,,,,,,,,,
223,충주 백주 맛 그래프,충주,백주,맛,그래프,향,약함,강함,바디감,가벼움,무거움,목넘김,부드러움,거침,출처,:,주류,문화,컬럼니스트,&,세종,사이버,대학교,명욱,교수,VER,,,,,,,,,,
224,양촌 여유 소주 맛 그래프,양촌,여유,소주,맛,그래프,단맛,약함,강함,신맛,약함,강함,청량감,약함,강함,바디감,가벼움,무거움,균형감,출처,:,경기도,농업,기술원,이대형,박사,",",세종,사이버대,명욱,교수,VER,,,,
225,오미로제 프리미어와인 맛 그래프,오미,로제,프리미어,와인,맛,그래프,단맛,약함,신맛,약함,청량감,약함,바디감,가벼움,강함,강함,강함,무거움,출처,:,주류,문화,컬럼니스트,&,전통주,갤러리,부관장,명욱,NAVER,,,,,,
226,해창찹쌀생막걸리 맛그래프,해창,찹쌀,생,막걸리,맛,그래프,단맛,낮음,높음,신맛,낮음,높음,청량감,낮음,높음,바디감,무거움,가벼움,출처,:,한국,가양주,연구소,류인수,소장,AVER,,,,,,,,,
227,헤베 애플사이더 맛 그래프,헤베,애플,사이더,맛,그래프,단맛,약함,강함,신맛,약함,강함,청량감,약함,강함,바디감,가벼움,무거움,균형감,출처,:,레스토랑,주은,김주용,소믈리에,",",최정욱,와인,연구소,최정욱,소장,하려고,,,,
228,기다림 맑은술 맛 그래프,기다림,맑은,술,맛,그래프,단맛,약함,강함,신맛,약함,강함,청량감,약함,강함,바디감,가벼움,무거움,출처,:,주류,문화,컬럼니스트,&,전통주,갤러리,부관장,명욱,NAVER,,,,,,,
229,병영소주 맛그래프,병영,소주,맛,그래프,단맛,낮음,높음,신맛,낮음,높음,청량감,낮음,높음,바디감,무거움,가벼움,출처,:,한국,가양주,연구소,류인수,소장,AVER,,,,,,,,,,,
230,술아 순곡주 맛 그래프,술아,순,곡주,맛,그래프,단맛,약함,강함,신맛,약함,강함,청량감,약함,강함,바디감,가벼움,무거움,출처,:,주류,문화,컬럼니스트,&,전통주,갤러리,부관장,명욱,NAVER,,,,,,,
231,홍삼명주 맛그래프,홍삼,명주,맛,그래프,단맛,낮음,높음,신맛,낮음,높음,바디감,낮음,높음,목넘김,무거움,가벼움,출처,:,한국,가양주,연구소,류인수,소장,AVER,,,,,,,,,,,
232,한비 쌀소주 맛 그래프,한비,쌀,소주,맛,그래프,향,약함,강함,바디감,가벼움,무거움,목넘김,부드러움,거침,출처,:,한국,가양주,연구소,류인수,소장,NAVER,,,,,,,,,,,,,
233,단맛,단맛,약함,신맛,약함,청량감,약함,바디감,가벼움,연천,아주,맛,그래프,강함,강함,강함,무거움,출처,:,주류,문화,컬럼니스트,&,세종,사이버,대학교,명욱,교수,VER,,,,,,,
234,자희향나비 생탁주맛그래프,자희,향,나비,생,탁주,맛,그래프,단맛,낮음,높음,신맛,낮음,높음,청량감,낮음,높음,바디감,무거움,가벼움,출처,:,한국,가양주,연구소,류인수,소장,AVER,,,,,,,,
235,동학 1957 맛 그래프,동학,1957,맛,그래프,단맛,약함,신맛,약함,청량감,약함,바디감,가벼움,강함,강함,강함,무거움,출처,:,주류,문화,컬럼니스트,&,세종,사이버,대학교,명욱,교수,VER,,,,,,,
236,샤토미소 레드 프리미엄 드라이 맛 그래프,샤토,미소,레드,프리미엄,드라이,맛,그래프,단맛,약함,강함,신맛,약함,강함,청량감,약함,강함,바디감,가벼움,무거움,출처,:,주류,문화,컬럼니스트,&,전통주,갤러리,부관장,명욱,NAVER,,,,,
237,술아 매화주 맛 그래프,술아,매화주,맛,그래프,단맛,약함,강함,신맛,약함,강함,청량감,약함,강함,바디감,가벼움,무거움,출처,:,주류,문화,컬럼니스트,&,전통주,갤러리,부관장,명욱,NAVER,,,,,,,,
238,가평잣생막걸리 맛그래프,가평,잣생,막걸리,맛,그래프,단맛,낮음,높음,신맛,낮음,높음,청량감,낮음,높음,바디감,무거움,가벼움,출처,:,한국,가양주,연구소,류인수,소장,AVER,,,,,,,,,,
239,경주 교동법주 맛 그래프,경주,교동,법주,맛,그래프,단맛,약함,강함,신맛,약함,강함,청량감,약함,강함,바디감,가벼움,무거움,균형감,출처,:,경기도,농업,기술원,이대형,박사,",",세종,사이버대,명욱,교수,VER,,,,
240,선운산복분자주 맛 그래프,선운산,복분자주,맛,그래프,단맛,약함,신맛,약함,강함,강함,청량감,약함,강함,바디감,가벼움,무거움,출처,:,주류,문화,컬럼니스트,&,전통주,갤러리,부관장,명욱,NAVER,,,,,,,,
241,동해 동동주 맛 그래프,동해,동동주,맛,그래프,단맛,약함,신맛,약함,청량감,약함,바디감,가벼움,강함,강함,강함,무거움,출저,:,한국,가양주,연구소,류인수,소자,VER,,,,,,,,,,,
242,청진주 맛 그래프,청,진주,맛,그래프,단맛,약함,강함,신맛,약함,강함,청량감,약함,강함,바디감,가벼움,무거움,출처,:,한국,가양주,연구소,류인수,소장,NAVER,,,,,,,,,,,
243,애석 맛 그래프,애석,맛,그래프,단맛,약함,강함,신맛,약함,강함,청량감,약함,강함,바디감,가벼움,무거움,출저,:,한국,가양주,연구소,류인수,소장,NAVER,,,,,,,,,,,,
244,문배술헤리티지23 맛 그래프,문배,술,헤리티지,23,맛,그래프,향기,약함,강함,맛,드라이,스위트,바디감,라이트,헤비,출처,:,한국,가양주,연구소,류인수,소장,NAVER,,,,,,,,,,,,
245,입장탁주 맛 그래프,입장,탁주,맛,그래프,단맛,낮음,신맛,낮음,청량감,낮음,바디감,무거움,높음,높음,높음,가벼움,출처,:,한국,가양주,연구소,류인수,소,AVER,,,,,,,,,,,
246,청남대 블루베리 생막걸리 맛 그래프,청남대,블루,베리,생,막걸리,맛,그래프,단맛,약함,강함,신맛,약함,강함,청량감,약함,강함,바디감,가벼움,무거움,:,출처,:,주류,문화,컬럼니스트,&,전통주,갤러리,부관장,명우,대,,,,
247,편백숲 산소막걸리 딸기스파클링 맛 그래프,편백,숲,산소,막걸리,딸기,스파클링,맛,그래프,단맛,약함,신맛,약함,청량감,약함,강함,강함,강함,바디감,가벼움,무거움,출저,:,한국,가양주,연구소,류인수,소장,",",NAVER,,,,,,
248,이강주 (25%) 맛 그래프,이강주,(,25,%,),맛,그래프,단맛,낮음,높음,신맛,낮음,높음,청량감,낮음,높음,바디감,무거움,가벼움,출처,:,한국,가양주,연구소,류인수,소장,AVER,,,,,,,,
249,너브내 로제 스파클링 맛 그래프,너,브내,로제,스파클링,맛,그래프,단맛,약함,강함,신맛,약함,강함,청량감,약함,강함,바디감,가벼움,무거움,균형감,출처,:,레스토랑,주은,김주용,소믈리에,",",최정욱,와인,연구소,최정욱,소장,,,,
250,천마이야기 맛 그래프,천마,이야기,맛,그래프,단맛,낮음,신맛,낮음,청량감,낮음,바디감,무거움,높음,높음,높음,가벼움,출처,:,한국,가양주,연구소,류인수,소,AVER,,,,,,,,,,,
251,햇찹쌀이 하늘수 맛 그래프,햇,찹쌀,이,하늘,수,맛,그래프,단맛,약함,신맛,약함,청량감,약함,바디감,가벼움,강함,강함,강함,무거움,출처,:,주류,문화,컬럼니스트,&,세종,사이버,대학교,명욱,교수,VER,,,,
252,소나무와학 맛 그래프,소나무,와,학,맛,그래프,향기,약함,강함,맛,드라이,스위트,바디감,라이트,헤비,출처,:,한국,가양주,연구소,류인수,소장,NAVER,,,,,,,,,,,,,
253,다래와인 3004 맛 그래프,다래,와인,3004,맛,그래프,단맛,낮음,높음,신맛,낮음,높음,청량감,낮음,높음,바디감,무거움,가벼움,출처,:,한국,가양주,연구소,류인수,소,AVER,,,,,,,,,,
254,스타베리 오디와인 맛 그래프,스타,베리,오디,와인,맛,그래프,단맛,약함,신맛,약함,청량감,약함,바디감,가벼움,강함,강함,강함,무거움,출처,:,주류,문화,컬럼니스트,&,전통주,갤러리,부관장,명욱,NAVER,,,,,,
255,붉은원숭이 맛그래프,붉은,원숭이,맛,그래프,단맛,낮음,높음,신맛,낮음,높음,청량감,낮음,높음,바디감,무거움,가벼움,출처,:,한국,가양주,연구소,류인수,소장,AVER,,,,,,,,,,,
256,추사 애플와인 맛 그래프,추사,애플,와인,맛,그래프,단맛,낮음,높음,신맛,낮음,높음,청량감,낮음,높음,바디감,무거움,가벼움,출처,:,한국,가양주,연구소,류인수,소,AVER,,,,,,,,,,
257,예담은 한산소곡화주 맛 그래프,예담,은,한산,소곡,화주,맛,그래프,향기,약함,강함,맛,드라이,스위트,바디감,라이트,헤비,출처,:,한국,가양주,연구소,류인수,소장,NAVER,,,,,,,,,,,
258,역전주 맛 그래프,역전,주,맛,그래프,단맛,약함,강함,신맛,약함,강함,청량감,약함,강함,무거움,바디감,가벼움,균형감,출처,:,이현주,소믈리에,VER,,,,,,,,,,,,,
259,호담 300 맛 그래프,호담,300,맛,그래프,향기,약함,강함,맛,드라이,스위트,바디감,라이트,헤비,출처,:,한국,가양주,연구소,류인수,소장,NAVER,,,,,,,,,,,,,,
260,병영설성 동동주 맛 그래프,병영,설성,동동주,맛,그래프,단맛,약함,신맛,약함,청량감,약함,바디감,가벼움,강함,강함,강함,무거움,출저,:,한국,가양주,연구소,류인수,소,VER,,,,,,,,,,
261,독산 53 맛 그래프,독산,53,맛,그래프,향,약함,강함,바디감,가벼움,무거움,목넘김,부드러움,거침,출처,:,한국,가양주,연구소,류인수,소장,NAVER,,,,,,,,,,,,,,
262,단맛,단맛,약함,신맛,약함,청량감,약함,바디감,가벼움,우곡,생주,맛,그래프,강함,강함,강함,무거움,출저,:,한국,가양주,연구소,류인수,소장,VER,,,,,,,,,,,
263,김천과하주 23% 맛 그래프,김천,과하주,23,%,맛,그래프,향기,약함,강함,맛,드라이,스위트,바디감,라이트,헤비,출처,:,한국,가양주,연구소,류인수,소장,NAVER,,,,,,,,,,,,
264,능이주 맛 그래프,능이,주,맛,그래프,단맛,약함,강함,신맛,약함,강함,청량감,약함,강함,바디감,가벼움,무거움,출처,:,한국,가양주,연구소,류인수,소장,NAVER,,,,,,,,,,,
265,독산30 맛 그래프,독산,30,맛,그래프,단맛,약함,강함,신맛,약함,강함,청량감,약함,강함,무거움,바디감,가벼움,균형감,출처,:,이현주,소믈리에,VER,,,,,,,,,,,,,
266,여포의 꿈(레드 스위트) 맛 그래프,여포,의,꿈,(,레드,스위트,),맛,그래프,단맛,낮음,높음,신맛,낮음,높음,바디감,낮음,높음,목넘김,무거움,가벼움,출처,:,한국,가양주,연구소,류인수,소장,AVER,,,,,,
267,무주구천동 머루와인 맛 그래프,무주,구천동,머루,와인,맛,그래프,단맛,낮음,신맛,낮음,청량감,낮음,바디감,무거움,높음,높음,높음,가벼움,출처,:,한국,가양주,연구소,류인수,소,AVER,,,,,,,,,
268,희양산막걸리 15% 맛 그래프,희양산,막걸리,15,%,맛,그래프,단맛,약함,신맛,약함,청량감,약함,바디감,가벼움,강함,강함,강함,무거움,출저,:,한국,가양주,연구소,류인수,소장,,,,,,,,,,
269,애피소드 애플 맛 그래프,애피소드,애플,맛,그래프,단맛,약함,신맛,약함,청량감,약함,바디감,가벼움,강함,강함,강함,무거움,출처,:,주류,문화,컬럼니스트,&,전통주,갤러리,부관장,명욱,NAVER,,,,,,,,
270,매실막걸리 맛 그래프,매실,막걸리,맛,그래프,단맛,낮음,높음,신맛,낮음,높음,청량감,낮음,높음,바디감,무거움,가벼움,출처,:,한국,가양주,연구소,류인수,소,AVER,,,,,,,,,,,
271,원매프리미엄 맛 그래프,원매,프리미엄,맛,그래프,향기,약함,강함,맛,드라이,스위트,바디감,라이트,헤비,출처,:,한국,가양주,연구소,류인수,소장,NAVER,,,,,,,,,,,,,,
272,안동소주 느낌 30 맛 그래프,안동,소주,느낌,30,맛,그래프,향,약함,강함,바디감,가벼움,무거움,목넘김,부드러움,거침,출처,:,한국,가양주,연구소,류인수,소장,],AVER,,,,,,,,,,,
273,월매 쌀막걸리 맛 그래프,월매,쌀,막걸리,맛,그래프,단맛,약함,강함,신맛,약함,강함,청량감,약함,강함,바디감,가벼움,무거움,출처,:,한국,가양주,연구소,류인수,소장,NAVER,,,,,,,,,,
274,문희 '문경오미자수제전통주 맛그래프,문희,',문경,오미자,수제,전통주,맛,그래프,단맛,낮음,높음,신맛,낮음,높음,청량감,낮음,높음,바디감,무거움,가벼움,출처,:,한국,가양주,연구소,류인수,소장,AVER,,,,,,,
275,시나브로 레드 드라이 맛 그래프,시나브로,레드,드라이,맛,그래프,단맛,약함,강함,신맛,약함,강함,청량감,약함,강함,바디감,가벼움,무거움,출처,:,주류,문화,컬럼니스트,&,전통주,갤러리,부관장,명욱,",",NAVER,,,,,,
276,미나리싱싱주 맛 그래프,미나리,싱싱,주,맛,그래프,단맛,약함,강함,신맛,약함,강함,청량감,약함,강함,바디감,가벼움,무거움,균형감,출처,:,경기도,농업,기술원,이대형,박사,",",세종,사이버대,명욱,교,ve,,,,
277,그랑꼬또 M56 맛 그래프,그랑,꼬또,M56,맛,그래프,단맛,낮음,신맛,낮음,청량감,낮음,바디감,무거움,높음,높음,높음,가벼움,출처,:,한국,가양주,연구소,류인수,소,AVER,,,,,,,,,,
278,설레온 맛 그래프,설레,온,맛,그래프,향기,약함,강함,맛,드라이,스위트,바디감,라이트,헤비,출처,:,한국,가양주,연구소,류인수,소장,NAVER,,,,,,,,,,,,,,
279,향,향,약함,맛,드라이,바디감,가벼움,이도,32,맛,그래프,강함,스위트,목넘김,부드러움,균형감,무거움,거침,출처,:,전진,아,",",이재욱,소믈리에,,,,,,,,,,,
280,모월로 맛 그래프,모월,로,맛,그래프,향,약함,강함,바디감,가벼움,무거움,목넘김,부드러움,거침,출처,:,한국,가양주,연구소,류인수,소장,NAVER,,,,,,,,,,,,,,
281,홍로 맛 그래프,홍로,맛,그래프,향,약함,바디감,가벼움,강함,무거움,목넘김,부드러움,거침,출처,:,주류,문화,컬럼니스트,&,세종,사이버,대학교,명욱,교수,NAVER,,,,,,,,,,,
282,배도가 로아40 옐로우 맛 그래프,배도,가,로아,40,옐로우,맛,그래프,향기,약함,강함,맛,드라이,스위트,바디감,라이트,헤비,출처,:,한국,가양주,연구소,류인수,소장,NAVER,,,,,,,,,,,
283,추사 로제 맛 그래프,추사,로제,맛,그래프,단맛,약함,강함,신맛,약함,강함,청량감,약함,강함,바디감,가벼움,무거움,출처,:,한국,가양주,연구소,류인수,소장,NAVER,,,,,,,,,,,
284,녹파주 맛 그래프,녹,파주,맛,그래프,단맛,약함,강함,신맛,약함,강함,청량감,약함,강함,바디감,가벼움,무거움,출처,:,주류,문화,컬럼니스트,&,전동주,갤러리,부관장,명욱,NAVER,,,,,,,,
285,일지춘 약주 맛 그래프,일지,춘,약주,맛,그래프,단맛,약함,강함,신맛,약함,강함,청량감,약함,강함,바디감,가벼움,무거움,균형감,출처,:,경기도,농업,기술원,이대형,박사,",",세종,사이버대,명욱,교수,VER,,,,
286,석탄주 탁주 맛 그래프,석탄,주,탁주,맛,그래프,단맛,약함,신맛,약함,청량감,약함,바디감,가벼움,강함,강함,강함,무거움,출처,:,주류,문화,컬럼니스트,&,전통주,갤러리,부관장,명움,VER,,,,,,,
287,고도리 청수 화이트와인 맛 그래프,고도리,청수,화이트,와인,맛,그래프,단맛,약함,강함,신맛,약함,강함,청량감,약함,강함,바디감,가벼움,무거움,균형감,출처,:,레스토랑,주은,소속,김주용,소믈리에,",",최정욱,와인,연구소,최정욱,소장,",",NAVER,
288,코이버펑크 카베르네 소비뇽 맛 그래프,코이,버,펑크,카베르네,소비뇽,맛,그래프,단맛,약함,강함,신맛,약함,강함,청량감,약함,강함,바디감,가벼움,무거움,출처,:,코이,버,펑크,",",NAVER,,,,,,,,,
289,1000억 막걸리 프리바이오 맛 그래프,1000,억,막걸리,프리,바이오,맛,그래프,단맛,약함,신맛,약함,청량감,약함,바디감,가벼움,강함,강함,강함,무거움,출처,:,주류,문화,컬럼니스트,&,세종,사이버,대학교,명욱,교수,VER,,,,
290,오메락퍽 맛 그래프,오메,락퍽,맛,그래프,향기,약함,강함,맛,드라이,스위트,바디감,라이트,헤비,출처,:,한국,가양주,연구소,류인수,소장,NAVER,,,,,,,,,,,,,,
291,두유노 맛 그래프,두,유노,맛,그래프,단맛,약함,강함,신맛,약함,강함,청량감,약함,강함,바디감,가벼움,무거움,출처,:,주류,문화,컬럼니스트,&,세종,사이버,대학교,명욱,교수,VER,,,,,,,
292,안동소주 필(Feel) 맛 그래프,안동,소주,필,(,Feel,),맛,그래프,향,약함,강함,바디감,가벼움,무거움,목넘김,부드러움,거침,출처,:,한국,가양주,연구소,류인수,소장,NAVER,,,,,,,,,,
293,신선주 증류주 맛 그래프,신선,주,증류주,맛,그래프,향,약함,강함,맛,드라이,스위트,바디감,가벼움,무거움,목넘김,부드러움,거침,출처,:,농업,회사,법인,(,주,),신선,",",NAVER,,,,,,,
294,명가원 복분자술맛그래프,명가,원,복분자,술맛,그래프,단맛,낮음,높음,신맛,낮음,높음,바디감,낮음,높음,목넘김,무거움,가벼움,출처,:,한국,가양주,연구소,류인수,소장,AVER,,,,,,,,,,
295,산천어 생막걸리 맛 그래프,산천어,생,막걸리,맛,그래프,단맛,약함,강함,신맛,약함,강함,청량감,약함,강함,바디감,가벼움,무거움,균형감,출처,:,경기도,농업,기술원,이대형,박사,",",세종,사이버대,명욱,교,ve,,,,
296,호담 산양산삼 막걸리 맛 그래프,호담,산양,산삼,막걸리,맛,그래프,단,맛,약함,강함,신맛,약함,강함,청량감,약함,강함,바디감,가벼움,무거움,출처,:,한국,가양주,연구소,류인수,소장,NAVER,,,,,,,,
297,평창 머루주 맛 그래프,평창,머루주,맛,그래프,단맛,낮음,높음,신맛,낮음,높음,청량감,낮음,높음,바디감,무거움,가벼움,출처,:,한국,가양주,연구소,류인수,소,AVER,,,,,,,,,,,
298,산막와인 화몽 드라이 레드 맛 그래프,산막,와인,화몽,드라이,레드,맛,그래프,단맛,약함,강함,신맛,약함,강함,청량감,약함,강함,바디감,가벼움,무거움,균형감,출처,:,레스토랑,주은,김주용,소믈리에,",",최정욱,와인,연구소,최정욱,소장,,,
299,청산녹수 생탁주 맛 그래프,청산,녹수,생,탁주,맛,그래프,단맛,약함,강함,신맛,약함,강함,청량감,약함,강함,바디감,가벼움,무거움,출처,:,한국,가양주,연구소,류인수,소장,NAVER,,,,,,,,,
300,애피소드 호프 맛 그래프,애피소드,호프,맛,그래프,단맛,약함,강함,신맛,약함,강함,청량감,약함,강함,바디감,가벼움,무거움,출처,:,주류,문화,컬럼니스트,&,전통주,갤러리,부관장,명욱,NAVER,,,,,,,,
301,안동소주일품 17 맛 그래프,안동,소주,일품,17,맛,그래프,향기,약함,강함,맛,드라이,스위트,바디감,라이트,헤비,출처,:,한국,가양주,연구소,류인수,소장,NAVER,,,,,,,,,,,,
302,정고집 옛날 생동동주 맛 그래프,정,고집,옛날,생,동동주,맛,그래프,단맛,약함,강함,신맛,약함,청량감,약함,강함,강함,바디감,가벼움,무거움,출처,:,주류,문화,컬럼니스트,&,전통주,갤러리,부관장,명욱,NAVER,,,,,
303,선호 생막걸리 맛 그래프,선호,생,막걸리,맛,그래프,단맛,약함,강함,신맛,약함,강함,청량감,약함,강함,바디감,가벼움,무거움,출처,:,주류,문화,컬럼니스트,&,전통주,갤러리,부관장,명욱,NAVER,,,,,,,
304,맑은문희주 맛그래프,맑은,문희주,맛,그래프,단맛,낮음,높음,신맛,낮음,높음,청량감,낮음,높음,바디감,무거움,가벼움,출처,:,한국,가양주,연구소,류인수,소장,AVER,,,,,,,,,,,
305,호랑이 생막걸리 맛그래프,호랑이,생,막걸리,맛,그래프,단맛,낮음,높음,신맛,낮음,높음,청량감,낮음,높음,바디감,무거움,가벼움,출처,:,한국,가양주,연구소,류인수,소장,AVER,,,,,,,,,,
306,세종 알밤주 맛그래프,세종,알밤,주,맛,그래프,단맛,낮음,높음,신맛,낮음,높음,청량감,낮음,높음,바디감,무거움,가벼움,출처,:,한국,가양주,연구소,류인수,소장,AVER,,,,,,,,,,
307,명품 진도홍주 맛 그래프,명품,진도,홍주,맛,그래프,향기,약함,강함,맛,드라이,스위트,바디감,라이트,헤비,출처,:,한국,가양주,연구소,류인수,소장,NAVER,,,,,,,,,,,,,
308,녹천 소곡화주 480 맛 그래프,녹천,소곡,화주,480,맛,그래프,향기,약함,강함,맛,드라이,스위트,바디감,라이트,헤비,출처,:,한국,가양주,연구소,류인수,소장,NAVER,,,,,,,,,,,,
309,문경바람 백자 25도 맛 그래프,문경,바람,백자,25,도,맛,그래프,단맛,약함,강함,신맛,약함,강함,청량감,약함,강함,바디감,가벼움,무거움,균형감,출처,:,경기도,농업,기술원,이대형,박사,",",세종,사이버대,명욱,교,ven,,
310,소백산생 만찬주 맛그래프,소백산,생,만찬,주,맛,그래프,단맛,낮음,높음,신맛,낮음,높음,청량감,낮음,높음,바디감,무거움,가벼움,출처,:,한국,가양주,연구소,류인수,소장,AVER,,,,,,,,,
311,아이싱 맛그래프,아이싱,맛,그래프,단맛,낮음,높음,신맛,낮음,높음,청량감,낮음,높음,바디감,무거움,가벼움,출처,:,한국,가양주,연구소,류인수,소장,VER,,,,,,,,,,,,
312,우렁이쌀 손 막걸리 맛 그래프,우렁이,쌀,손,막걸리,맛,그래프,단맛,약함,강함,신맛,약함,강함,청량감,약함,강함,무거움,바디감,가벼움,균형감,출처,:,김영우,소믈리에,,,,,,,,,,,,
313,명인안동소주 양반탈 맛 그래프,명인,안동,소주,양반탈,맛,그래프,향기,약함,강함,맛,드라이,스위트,바디감,라이트,헤비,출처,:,한국,가양주,연구소,류인수,소장,NAVER,,,,,,,,,,,,
314,왕율주 맛 그래프,왕,율주,맛,그래프,향,약함,강함,바디감,가벼움,무거움,목넘김,부드러움,거침,출처,:,주류,문화,컬럼니스트,&,전통주,갤러리,부관장,명욱,NAVER,,,,,,,,,,,
315,청양둔송구기주 맛 그래프,청양,둔,송구,기주,맛,그래프,단맛,낮음,높음,신맛,낮음,높음,청량감,낮음,높음,바디감,무거움,가벼움,출처,:,한국,가양주,연구소,류인수,소,AVER,,,,,,,,,
316,고도리 화이트와인 스위트 맛 그래프,고도리,화이트,와인,스위트,맛,그래프,단,맛,약함,강함,신맛,약함,강함,청량감,약함,강함,바디감,가벼움,무거움,출처,:,주류,문화,컬럼니스트,&,전통주,갤러리,부관장,명욱,NAVER,,,,,
317,가덕순쌀 막걸리 맛 그래프,가덕,순쌀,막걸리,맛,그래프,단맛,약함,신맛,약함,강함,강함,청량감,약함,강함,바디감,가벼움,무거움,출처,:,주류,문화,컬럼니스트,&,전통주,갤러리,부관장,명욱,NAVER,,,,,,,
318,예천주 사월 24% 맛 그래프,예천,주,사월,24,%,맛,그래프,향,약함,강함,바디감,가벼움,무거움,목넘김,부드러움,거침,출처,:,한국,가양주,연구소,류인수,소장,NAVER,,,,,,,,,,,
319,대통대잎술맛그래프,대통,대잎,술맛,그래프,단맛,낮음,높음,신맛,낮음,높음,바디감,낮음,높음,목넘김,무거움,가벼움,출처,:,한국,가양주,연구소,류인수,소장,AVER,,,,,,,,,,,
320,주시락 톡쏘는복분자막걸리 맛 그래프,주시,락,톡쏘,는,복분자,막걸리,맛,그래프,단맛,낮음,높음,신맛,낮음,높음,청량감,낮음,높음,바디감,무거움,가벼움,출처,:,한국,가양주,연구소,류인수,소장,AVER,,,,,,,
321,젤코바 스페셜와인 맛 그래프,젤,코바,스페셜,와인,맛,그래프,단맛,약함,신맛,약함,청량감,약함,바디감,가벼움,강함,강함,강함,무거움,출처,:,주류,문화,컬럼니스트,&,세종,사이버,대학교,명욱,교수,VER,,,,,
322,문경 호산춘 맛 그래프,문경,호산춘,맛,그래프,단맛,약함,강함,신맛,약함,강함,청량감,약함,강함,바디감,가벼움,무거움,균형감,출처,:,경기도,농업,기술원,이대형,박사,",",세종,사이버대,명욱,교수,VER,,,,,
323,봉하쌀 생막걸리 맛 그래프,봉하,쌀,생,막걸리,맛,그래프,단맛,약함,신맛,약함,청량감,약함,강함,강함,강함,바디감,가벼움,무거움,출저,:,한국,가양주,연구소,류인수,소장,NAVER,,,,,,,,,
324,톡한잔소주 맛 그래프,톡,한잔,소주,맛,그래프,향기,약함,강함,맛,드라이,스위트,바디감,라이트,헤비,출처,:,한국,가양주,연구소,류인수,소장,NAVER,,,,,,,,,,,,,
325,단맛,단맛,약함,신맛,약함,청량감,약함,바디감,가벼움,추시,와인,맛,그래프,강함,강함,강함,무거움,출저,:,한국,가양주,연구소,류인수,소장,하려고,,,,,,,,,,,
326,김포 막걸리 맛 그래프,김포,막걸리,맛,그래프,단맛,약함,강함,신맛,약함,강함,청량감,약함,강함,바디감,가벼움,무거움,출처,:,한국,가양주,연구소,류인수,소장,NAVER,,,,,,,,,,,
327,안양 동동주 맛 그래프,안양,동동주,맛,그래프,단맛,약함,신맛,약함,청량감,약함,바디감,가벼움,강함,강함,강함,무거움,출처,:,주류,문화,컬럼니스트,&,세종,사이버,대학교,명욱,교수,VER,,,,,,,
328,두레앙 브랜디 맛 그래프,두레,앙,브랜디,맛,그래프,향기,약함,강함,맛,드라이,스위트,바디감,라이트,헤비,출처,:,한국,가양주,연구소,류인수,소장,NAVER,,,,,,,,,,,,,
329,김천과하주 16% 맛 그래프,김천,과하주,16,%,맛,그래프,단맛,낮음,신맛,낮음,청량감,낮음,바디감,무거움,높음,높음,높음,가벼움,출처,:,한국,가양주,연구소,류인수,소,AVER,,,,,,,,,
330,볼빨간막걸리 7 맛 그래프,볼빨간,막걸리,7,맛,그래프,단맛,약함,신맛,약함,강함,강함,청량감,약함,강함,바디감,가벼움,무거움,출저,:,한국,가양주,연구소,류인수,소장,HAVER,,,,,,,,,,
331,그랑티그르 M1988 맛 그래프,그랑,티,그르,M1988,맛,그래프,단맛,약함,강함,신맛,약함,강함,청량감,약함,강함,바디감,가벼움,무거움,출처,:,주류,문화,컬럼니스트,&,전통주,갤러리,부관장,명욱,NAVER,,,,,,
332,술취한원숭이 맛그래프,술취한,원숭이,맛,그래프,단맛,낮음,높음,신맛,낮음,높음,청량감,낮음,높음,바디감,무거움,가벼움,출처,:,한국,가양주,연구소,류인수,소장,AVER,,,,,,,,,,,
333,유자 동동주 맛 그래프,유자,동동주,맛,그래프,단맛,약함,강함,신맛,약함,강함,청량감,약함,강함,바디감,가벼움,무거움,출저,:,한국,가양주,연구소,류인수,소장,NAVER,,,,,,,,,,,
334,청춘 맛 그래프,청춘,맛,그래프,단맛,낮음,높음,신맛,낮음,높음,청량감,낮음,높음,바디감,무거움,가벼움,출처,:,한국,가양주,연구소,류인수,소,AVER,,,,,,,,,,,,
335,희양산막걸리 9% 맛 그래프,희양산,막걸리,9,%,맛,그래프,단맛,약함,신맛,약함,청량감,약함,바디감,가벼움,강함,강함,강함,무거움,출저,:,한국,가양주,연구소,류인수,소자,VER,,,,,,,,,
336,도깨비술 11% 맛 그래프,도깨비,술,11,%,맛,그래프,단맛,약함,신맛,약함,청량감,약함,바디감,가벼움,강함,강함,강함,무거움,출처,:,주류,문화,컬럼니스트,&,세종,사이버,대학교,명욱,교수,NAVER,,,,,
337,천년주밤 맛 그래프,천년,주밤,맛,그래프,향,약함,강함,바디감,가벼움,무거움,목넘김,부드러움,거침,출처,:,한국,가양주,연구소,류인수,소장,VER,,,,,,,,,,,,,,
338,계룡백일주 40% 맛 그래프,계룡,백일주,40,%,맛,그래프,향기,약함,강함,맛,드라이,스위트,바디감,라이트,헤비,출처,:,한국,가양주,연구소,류인수,소장,NAVER,,,,,,,,,,,,
339,정고집 나주배 약주 15% 맛 그래프,정,고집,나주,배,약주,15,%,맛,그래프,단맛,약함,신맛,약함,청량감,약함,바디감,가벼움,강함,강함,강함,무거움,출처,:,주류,문화,컬럼니스트,&,전통주,갤러리,부관장,명욱,NAVER,,,
340,천매 맛 그래프,천매,맛,그래프,향기,약함,강함,맛,드라이,스위트,바디감,라이트,헤비,출처,:,한국,가양주,연구소,류인수,소장,NAVER,,,,,,,,,,,,,,,
341,대윤가야곡왕주 맛 그래프,대윤,가야곡,왕주,맛,그래프,단맛,낮음,높음,신맛,낮음,높음,청량감,낮음,높음,바디감,무거움,가벼움,출처,:,한국,가양주,연구소,류인수,소,AVER,,,,,,,,,,
342,남산애 레드와인 맛 그래프,남산,애,레드,와인,맛,그래프,단맛,약함,신맛,약함,청량감,약함,강함,강함,강함,바디감,가벼움,무거움,출처,:,주류,문화,컬럼니스트,&,전통주,갤러리,부관장,명욱,NAVER,,,,,,
343,오미시앙스페셜 맛그래프,오미,시앙,스페셜,맛,그래프,단맛,낮음,높음,신맛,낮음,높음,바디감,낮음,높음,목넘김,무거움,가벼움,출처,:,한국,가양주,연구소,류인수,소장,AVER,,,,,,,,,,
344,예밀와인 레드 드라이 맛 그래프,예밀,와인,레드,드라이,맛,그래프,단맛,약함,신맛,약함,청량감,약함,바디감,가벼움,강함,강함,강함,무거움,출저,:,한국,가양주,연구소,류인수,소장,ER,,,,,,,,,
345,두리향 맛 그래프,두리,향,맛,그래프,향,약함,강함,바디감,가벼움,무거움,목넘김,부드러움,거침,출처,:,주류,문화,컬럼니스트,&,전통주,갤러리,부관장,명욱,NAVER,,,,,,,,,,,
346,매실원주 15% 맛 그래프,매실,원주,15,%,맛,그래프,향기,약함,강함,맛,드라이,스위트,바디감,라이트,헤비,출처,:,한국,가양주,연구소,류인수,소장,NAVER,,,,,,,,,,,,
347,송화백일주 맛 그래프,송화,백일주,맛,그래프,향,약함,강함,바디감,가벼움,무거움,목넘김,부드러움,거침,출처,:,한국,가양주,연구소,류인수,소장,",",NAVER,,,,,,,,,,,,,
348,삼양춘 생탁주 맛 그래프,삼양,춘,생,탁주,맛,그래프,단맛,약함,강함,신맛,약함,강함,청량감,약함,강함,바디감,가벼움,무거움,출처,:,한국,가양주,연구소,류인수,소장,NAVER,,,,,,,,,
349,한산소곡주 생주 맛 그래프,한산,소곡주,생주,맛,그래프,단맛,약함,강함,신맛,약함,강함,청량감,약함,강함,바디감,가벼움,무거움,균형감,출처,:,경기도,농업,기술원,이대형,박사,",",세종,사이버대,명욱,교수,VER,,,,
350,이상헌 약주 맛 그래프,이상헌,약주,맛,그래프,단맛,약함,신맛,약함,청량감,약함,바디감,가벼움,강함,강함,강함,무거움,출처,:,주류,문화,컬럼니스트,&,전통주,갤러리,부관장,명우,VER,,,,,,,,
351,그랑꼬또 청수 화이트와인 맛 그래프,그랑,꼬또,청수,화이트,와인,맛,그래프,단맛,약함,강함,신맛,약함,강함,청량감,약함,강함,바디감,가벼움,무거움,균형감,출처,:,레스토랑,주은,소속,김주용,소믈리에,",",최정욱,와인,연구소,최정욱,작,NAVER,
352,감아락 25 맛 그래프,감아,락,25,맛,그래프,향기,약함,강함,맛,드라이,스위트,바디감,라이트,헤비,출처,:,한국,가양주,연구소,류인수,소장,NAVER,,,,,,,,,,,,,
353,오매백주 맛 그래프,오매,백주,맛,그래프,단맛,약함,신맛,약함,강함,강함,청량감,약함,강함,바디감,가벼움,무거움,출저,:,한국,가양주,연구소,류인수,소장,NAVER,,,,,,,,,,,
354,맑은내일 Winery 단감명작 맛 그래프,맑은,내일,Winery,단감,명작,맛,그래프,단맛,약함,강함,신맛,약함,강함,청량감,약함,강함,바디감,가벼움,무거움,출처,:,농업,회사,법인,우포,의,아침,주식회사,",",NAVER,,,,,
355,단맛,단맛,약함,신맛,약함,청량감,약함,바디감,가벼움,삼선,맛,그래프,강함,강함,강함,무거움,출저,:,한국,가양주,연구소,류인수,소,자리,,,,,,,,,,,,
356,향,향,약함,맛,드라이,바디감,가벼움,추사,백,25,맛,그래프,강함,스위트,목넘김,부드러움,균형감,무거움,거침,출처,:,전진,아,",",이재욱,소믈리에,,,,,,,,,,
357,흑돈주 맛 그래프,흑돈,주,맛,그래프,향,약함,강함,바디감,가벼움,무거움,목넘김,부드러움,거침,출처,:,한국,가양주,연구소,류인수,소장,ER,,,,,,,,,,,,,,
358,단맛,단맛,약함,신맛,약함,청량감,약함,바디감,가벼움,당당,하리,맛,그래프,강함,강함,강함,무거움,출처,:,농업,회사,법인,(,주,),세찬,",",NAVER,,,,,,,,
359,술공방 9.0 맛 그래프,술,공방,9.0,맛,그래프,단맛,약함,신맛,약함,강함,강함,청량감,약함,강함,바디감,가벼움,무거움,출저,:,한국,가양주,연구소,류인수,소장,NAVER,,,,,,,,,,
360,술아 국화주 맛 그래프,술아,국화주,맛,그래프,단맛,약함,강함,신맛,약함,강함,청량감,약함,강함,바디감,가벼움,무거움,출처,:,주류,문화,컬럼니스트,&,전통주,갤러리,부관장,명욱,NAVER,,,,,,,,
361,고도리 샤인머스캣 와인 맛 그래프,고도리,샤인,머스,캣,와인,맛,그래프,단맛,약함,강함,신맛,약함,강함,청량감,약함,강함,바디감,가벼움,무거움,균형감,출처,:,레스토랑,주은,소속,김주용,소믈리에,",",최정욱,와인,연구소,최정욱,소장,",",NAVER
362,유자 생막걸리 맛 그래프,유자,생,막걸리,맛,그래프,단맛,낮음,높음,신맛,낮음,높음,청량감,낮음,높음,바디감,무거움,가벼움,출처,:,한국,가양주,연구소,류인수,소,AVER,,,,,,,,,,
363,크라테 레드와인 스위트 맛 그래프,크라,테,레드,와인,스위트,맛,그래프,단맛,약함,신맛,약함,청량감,약함,바디감,가벼움,강함,강함,강함,무거움,출저,:,한국,가양주,연구소,류인수,소장,NAVER,,,,,,,,
364,소백산 오곡진상주맛그래프,소백산,오곡,진상,주맛,그래프,단맛,낮음,높음,신맛,낮음,높음,청량감,낮음,높음,바디감,무거움,가벼움,출처,:,한국,가양주,연구소,류인수,소장,AVER,,,,,,,,,,
365,©,©,는밤,★,밤,White,Night,^,NAVER,,,,,,,,,,,,,,,,,,,,,,,,,,,
366,율무 동동주 맛 그래프,율무,동동주,맛,그래프,단맛,약함,강함,신맛,약함,강함,청량감,약함,강함,바디감,가벼움,무거움,출처,:,주류,문화,컬럼니스트,&,세종,사이버,대학교,명욱,교수,NAVER,,,,,,,
367,단맛,단맛,약함,신맛,약함,청량감,약함,바디감,가벼움,걍,즐겨,맛,그래프,강함,강함,강함,무거움,출처,:,주류,문화,컬럼니스트,&,세종,사이버,대학교,명욱,교수,VER,,,,,,,
368,부안참뽕막걸리 맛 그래프,부안,참뽕,막걸리,맛,그래프,단맛,낮음,높음,신맛,낮음,높음,청량감,낮음,높음,바디감,무거움,가벼움,출처,:,한국,가양주,연구소,류인수,소,AVER,,,,,,,,,,
369,여포의 꿈(레드드라이) 맛그래프,여포,의,꿈,(,레드,드라이,),맛,그래프,단맛,낮음,높음,신맛,낮음,높음,바디감,낮음,높음,목넘김,무거움,가벼움,출처,:,한국,가양주,연구소,류인수,소장,AVER,,,,,,
370,야관문막걸리 맛 그래프,야관문,막걸리,맛,그래프,단맛,낮음,신맛,낮음,청량감,낮음,바디감,무거움,높음,높음,높음,가벼움,출처,:,한국,가양주,연구소,류인수,소,AVER,,,,,,,,,,,
371,문배술헤리티지40 맛 그래프,문배,술,헤리티지,40,맛,그래프,향기,약함,강함,맛,드라이,스위트,바디감,라이트,헤비,출처,:,한국,가양주,연구소,류인수,소장,NAVER,,,,,,,,,,,,
372,려 고구마 증류소주 25% 맛 그래프,려,고구마,증류,소주,25,%,맛,그래프,향기,약,강,목넘김,드라이,스위트,바디감,라이트,헤비,출처,:,한국,가양주,연구소,류인수,소장,VR,,,,,,,,,,
373,구기홍주 14 맛 그래프,구기,홍주,14,맛,그래프,단맛,약함,강함,신맛,약함,강함,청량감,약함,강함,바디감,가벼움,무거움,출저,:,한국,가양주,연구소,류인수,소장,NAVER,,,,,,,,,,
374,연꽃 담은 술 맛 그래프,연꽃,담은,술,맛,그래프,단맛,약함,강함,신맛,약함,강함,청량감,약함,강함,바디감,가벼움,무거움,균형감,출처,:,경기도,농업,기술원,이대형,박사,",",세종,사이버대,명욱,교,,,,,
375,필 맛 그래프,필,맛,그래프,단맛,약함,강함,신맛,약함,강함,청량감,약함,강함,무거움,바디감,가벼움,균형감,출처,:,이현주,소믈리에,VER,,,,,,,,,,,,,,
376,이강주 맛 그래프,이강주,맛,그래프,단맛,약함,강함,신맛,약함,강함,청량감,약함,강함,바디감,가벼움,무거움,균형감,출처,:,경기도,농업,기술원,이대형,박사,",",세종,사이버대,명욱,교슌,VER,,,,,,
377,시나브로 에뚜왈 스파클링 맛 그래프,시나브로,에,뚜왈,스파클링,맛,그래프,단맛,약함,강함,신맛,약함,강함,청량감,약함,강함,바디감,가벼움,무거움,출처,:,주류,문화,컬럼니스트,&,전통주,갤러리,부관장,명욱,NAVER,,,,,,
378,해방주 38% 맛 그래프,해방,주,38,%,맛,그래프,향,약함,강함,바디감,가벼움,무거움,목넘김,부드러움,거침,출처,:,한국,가양주,연구소,류인수,소장,NAVER,,,,,,,,,,,,
379,송이주 맛 그래프,송이주,맛,그래프,단맛,약함,강함,신맛,약함,강함,청량감,약함,강함,바디감,가벼움,무거움,출처,:,한국,가양주,연구소,류인수,소장,NAVER,,,,,,,,,,,,
380,나루 생막걸리 6% 맛 그래프,나루,생,막걸리,6,%,맛,그래프,단맛,약함,강함,신맛,약함,강함,청량감,약함,강함,바디감,가벼움,무거움,출저,:,한국,가양주,연구소,류인수,소장,NAVER,,,,,,,,
381,톡한잔골드 맛 그래프,톡,한잔,골드,맛,그래프,향기,약함,강함,맛,드라이,스위트,바디감,라이트,헤비,출처,:,한국,가양주,연구소,류인수,소장,NAVER,,,,,,,,,,,,,
382,톡쏘는 알밤동동 맛그래프,톡쏘,는,알밤,동동,맛,그래프,단맛,낮음,높음,신맛,낮음,높음,청량감,낮음,높음,바디감,무거움,가벼움,출처,:,한국,가양주,연구소,류인수,소장,AVER,,,,,,,,,
383,황금보리소주 40 맛 그래프,황금,보리,소주,40,맛,그래프,향,약함,강함,바디감,가벼움,무거움,목넘김,부드러움,거침,출처,:,한국,가양주,연구소,류인수,소장,VER,,,,,,,,,,,,
384,설하담 맛 그래프,설,하담,맛,그래프,단맛,약함,강함,신맛,약함,강함,청량감,약함,강함,바디감,가벼움,무거움,출저,:,한국,가양주,연구소,류인수,소장,NAVER,,,,,,,,,,,
385,신례명주 맛 그래프,신례,명주,맛,그래프,향,약함,바디감,가벼움,강함,무거움,목넘김,부드러움,거침,출처,:,주류,문화,컬럼니스트,&,전통주,갤러리,부관장,명욱,NAVER,,,,,,,,,,,
386,미인탁주 맛 그래프,미인,탁주,맛,그래프,단맛,약함,강함,신맛,약함,강함,청량감,약함,강함,바디감,가벼움,무거움,출처,:,한국,가양주,연구소,류인수,소장,NAVER,,,,,,,,,,,
387,뱅꼬레 더감 맛 그래프,뱅,꼬레,더감,맛,그래프,단맛,약함,강함,신맛,약함,강함,청량감,약함,강함,바디감,가벼움,무거움,균형감,출처,:,레스토랑,주은,김주용,소믈리에,",",최정욱,와인,연구소,최정욱,소장,,,,,
388,감그린 아이스와인 맛 그래프,감,그린,아이스,와인,맛,그래프,단맛,약함,신맛,약함,청량감,약함,바디감,가벼움,강함,강함,강함,무거움,출처,:,주류,문화,컬럼니스트,&,전통주,갤러리,부관장,명욱,NAVER,,,,,,
389,오산막걸리 맛 그래프,오산,막걸리,맛,그래프,단맛,약함,신맛,약함,청량감,약함,바디감,가벼움,강함,강함,강함,무거움,출저,:,한국,가양주,연구소,류인수,소지자,VER,,,,,,,,,,,
390,설성유기농쌀막걸리(만월) 맛그래프,설성,유기농,쌀,막걸리,(,만월,),맛,그래프,단맛,낮음,높음,신맛,낮음,높음,청량감,낮음,높음,바디감,무거움,가벼움,출처,:,한국,가양주,연구소,류인수,소장,AVER,,,,,,
391,고도리 화이트와인 드라이 맛 그래프,고도리,화이트,와인,드라이,맛,그래프,단맛,약함,강함,신맛,약함,강함,청량감,약함,강함,바디감,가벼움,무거움,출처,:,주류,문화,컬럼니스트,&,전통주,갤러리,부관장,명욱,NAVER,,,,,,
392,맑은내일 우포 맛 그래프,맑은,내일,우포,맛,그래프,단맛,약함,신맛,약함,청량감,약함,바디감,가벼움,강함,강함,강함,무거움,출처,:,주류,문화,컬럼니스트,&,세종,사이버,대학교,명욱,교수,VER,,,,,,
393,모월 청 맛 그래프,모월,청,맛,그래프,단맛,약함,강함,신맛,약함,강함,청량감,약함,강함,바디감,가벼움,무거움,출저,:,한국,가양주,연구소,류인수,소장,NAVER,,,,,,,,,,,
394,평창 오디주 맛 그래프,평창,오디주,맛,그래프,단맛,낮음,높음,신맛,낮음,높음,청량감,낮음,높음,바디감,무거움,가벼움,출처,:,한국,가양주,연구소,류인수,소,AVER,,,,,,,,,,,
395,머르드 서 드라이 맛 그래프,머,르드,서,드라이,맛,그래프,단맛,약함,신맛,약함,청량감,약함,바디감,가벼움,강함,강함,강함,무거움,출처,:,주류,문화,컬럼니스트,&,세종,사이버,대학교,명욱,교수,VER,,,,,
396,예천주 사월 36.5% 맛 그래프,예천,주,사월,36.5,%,맛,그래프,향,약함,바디감,가벼움,강함,무거움,목넘김,부드러움,거침,출처,:,한국,가양주,연구소,류인수,소장,NAVER,,,,,,,,,,,
397,청혼 레드25 맛 그래프,청혼,레드,25,맛,그래프,단맛,약함,강함,신맛,약함,강함,청량감,약함,강함,무거움,바디감,가벼움,균형감,출처,:,김영우,소믈리에,VER,,,,,,,,,,,,
398,한비 동충하초술 맛 그래프,한비,동충하초,술,맛,그래프,향,약함,강함,바디감,가벼움,무거움,목넘김,부드러움,거침,출처,:,한국,가양주,연구소,류인수,소장,NAVER,,,,,,,,,,,,,
399,녹천 소곡화주 500 맛 그래프,녹천,소곡,화주,500,맛,그래프,향기,약함,강함,맛,드라이,스위트,바디감,라이트,헤비,출처,:,한국,가양주,연구소,류인수,소장,NAVER,,,,,,,,,,,,
400,호모루덴스 맛 그래프,호모,루덴스,맛,그래프,단맛,약함,강함,신맛,약함,강함,청량감,약함,강함,바디감,가벼움,무거움,출처,:,한국,가양주,연구소,류인수,소장,NAVER,,,,,,,,,,,
401,향,향,약함,맛,드라이,33JU,맛,그래프,강함,스위트,바디감,가벼움,무거움,목넘김,부드러움,거침,출처,:,농업,회사,법인,33,가,주식회사,",",NAVER,,,,,,,,,,
402,복순도가 손막걸리 슈퍼드라이 맛 그래프,복순,도,가,손,막걸리,슈퍼,드라이,맛,그래프,단맛,약함,강함,신맛,약함,강함,청량감,약함,강함,무거움,바디감,가벼움,균형감,출처,:,이현주,소믈리에,VER,,,,,,,,
403,샹스프랑보아즈 맛 그래프,샹스,프랑,보아즈,맛,그래프,단맛,약함,강함,신맛,약함,강함,청량감,약함,강함,바디감,가벼움,무거움,출처,:,주류,문화,컬럼니스트,&,전통주,갤러리,부관장,명욱,NAVER,,,,,,,
404,예화 맛 그래프,예화,맛,그래프,단맛,낮음,신맛,낮음,청량감,낮음,바디감,무거움,높음,높음,높음,가벼움,출처,:,한국,가양주,연구소,류인수,소,AVER,,,,,,,,,,,,
405,명인안동소주 호리병 맛 그래프,명인,안동,소주,호리병,맛,그래프,향기,약함,강함,맛,드라이,스위트,바디감,라이트,헤비,출처,:,한국,가양주,연구소,류인수,소장,NAVER,,,,,,,,,,,,
406,담솔 맛그래프,담솔,맛,그래프,단맛,낮음,높음,신맛,낮음,높음,청량감,낮음,높음,바디감,무거움,가벼움,출처,:,한국,가양주,연구소,류인수,소장,AVER,,,,,,,,,,,,
407,해방주 18.8% 맛 그래프,해방,주,18.8,%,맛,그래프,향,약함,강함,바디감,가벼움,무거움,목넘김,부드러움,거침,출처,:,한국,가양주,연구소,류인수,소장,NAVER,,,,,,,,,,,,
408,시,시,WARE,MOOL,Alc.40,%,/,500,NAVER,,,,,,,,,,,,,,,,,,,,,,,,,,,
409,문희 '햇찹쌀 수제전통주 맛그래프,문희,',햇,찹쌀,수제,전통주,맛,그래프,단맛,낮음,높음,신맛,낮음,높음,청량감,낮음,높음,바디감,무거움,가벼움,출처,:,한국,가양주,연구소,류인수,소장,AVER,,,,,,,
410,신선주 백주 맛 그래프,신선,주,백주,맛,그래프,단맛,약함,강함,신맛,약함,강함,청량감,약함,강함,무거움,바디감,가벼움,균형감,출처,:,전진,아,",",이재욱,소믈리에,,,,,,,,,,
411,황금보리소주 25 맛 그래프,황금,보리,소주,25,맛,그래프,향,약함,강함,바디감,가벼움,무거움,목넘김,부드러움,거침,출처,:,한국,가양주,연구소,류인수,소장,VER,,,,,,,,,,,,
412,삼양춘 생약주 맛 그래프,삼양,춘,생약,주,맛,그래프,단맛,약함,강함,신맛,약함,강함,청량감,약함,강함,바디감,가벼움,무거움,출처,:,한국,가양주,연구소,류인수,소장,NAVER,,,,,,,,,
413,두레앙 와인 맛 그래프,두레,앙,와인,맛,그래프,단맛,낮음,높음,신맛,낮음,높음,청량감,낮음,높음,바디감,무거움,가벼움,출처,:,한국,가양주,연구소,류인수,소,AVER,,,,,,,,,,
414,면천두견주 맛 그래프,면천,두견주,맛,그래프,단맛,약함,강함,신맛,약함,강함,청량감,약함,강함,바디감,가벼움,무거움,출처,:,한국,가양주,연구소,류인수,소장,NAVER,,,,,,,,,,,
415,한산소곡주 화백 맛 그래프,한산,소곡주,화백,맛,그래프,단맛,약함,강함,신맛,약함,강함,청량감,약함,강함,무거움,바디감,가벼움,균형감,출처,:,김영우,소믈리에,VER,,,,,,,,,,,,
416,지평생막걸리 쌀막걸리 맛그래프,지,평생,막걸리,쌀,막걸리,맛,그래프,단맛,낮음,높음,신맛,낮음,높음,청량감,낮음,높음,바디감,무거움,가벼움,출처,:,한국,가양주,연구소,류인수,소장,AVER,,,,,,,,
417,모월 연 맛 그래프,모월,연,맛,그래프,단맛,약함,강함,신맛,약함,강함,청량감,약함,강함,바디감,가벼움,무거움,출저,:,한국,가양주,연구소,류인수,소장,NAVER,,,,,,,,,,,
418,매실향기 담은 술 맛 그래프,매실,향기,담은,술,맛,그래프,단맛,약함,강함,신맛,약함,강함,청량감,약함,강함,바디감,가벼움,무거움,출처,:,주류,문화,컬럼니스트,&,전통주,갤러리,부관장,명욱,NAVER,,,,,,
419,샤토미소(스위트) 맛 그래프,샤토,미소,(,스위트,),맛,그래프,단맛,낮음,높음,신맛,낮음,높음,바디감,낮음,높음,목넘김,무거움,가벼움,출처,:,한국,가양주,연구소,류인수,소장,AVER,,,,,,,,
420,해파랑 맛 그래프,해파,랑,맛,그래프,단맛,약함,강함,신맛,약함,강함,청량감,약함,강함,바디감,가벼움,무거움,출저,:,한국,가양주,연구소,류인수,소장,",",NÅVER,,,,,,,,,,
421,까메오 막걸리 맛그래프,까메오,막걸리,맛,그래프,단맛,낮음,높음,신맛,낮음,높음,청량감,낮음,높음,바디감,무거움,가벼움,출처,:,한국,가양주,연구소,류인수,소장,AVER,,,,,,,,,,,
422,나루 생막걸리 11.5% 맛 그래프,나루,생,막걸리,11.5,%,맛,그래프,단맛,약함,강함,신맛,약함,강함,청량감,약함,강함,바디감,가벼움,무거움,출저,:,한국,가양주,연구소,류인수,소장,NAVER,,,,,,,,
423,진도홍주 루비콘 맛 그래프,진도,홍주,루비콘,맛,그래프,향기,약함,강함,맛,드라이,스위트,바디감,라이트,헤비,출처,:,한국,가양주,연구소,류인수,소장,NAVER,,,,,,,,,,,,,
424,안동소주 느낌 19.8 맛 그래프,안동,소주,느낌,19.8,맛,그래프,향,약함,바디감,가벼움,강함,무거움,목넘김,부드러움,거침,출처,:,한국,가양주,연구소,류인수,소장,NAVER,,,,,,,,,,,,
425,지리산허브잎술 맛 그래프,지리산,허브,잎술,맛,그래프,단맛,낮음,높음,신맛,낮음,높음,청량감,낮음,높음,바디감,무거움,가벼움,출처,:,한국,가양주,연구소,류인수,소,AVER,,,,,,,,,,
426,풍정사계 춘 맛 그래프,풍정,사계,춘,맛,그래프,단맛,낮음,높음,신맛,낮음,높음,청량감,낮음,높음,바디감,무거움,가벼움,출처,:,한국,가양주,연구소,류인수,소,AVER,,,,,,,,,,
427,코이버펑크 샤르도네 세미용 블랜드 맛 그래프,코이,버,펑크,샤르도네,세,미용,블랜드,맛,그래프,단맛,약함,강함,신맛,약함,강함,청량감,약함,강함,바디감,가벼움,무거움,출처,:,코이,버,펑크,",",NAVER,,,,,,,
428,그랑티그르 CE2002 맛 그래프,그랑,티,그르,CE2002,맛,그래프,단맛,약함,강함,신맛,약함,강함,청량감,약함,강함,바디감,가벼움,무거움,출처,:,주류,문화,컬럼니스트,&,전통주,갤러리,부관장,명욱,NAVER,,,,,,
429,그랑꼬또 M5610 맛 그래프,그랑,꼬또,M5610,맛,그래프,단맛,약함,신맛,약함,청량감,약함,바디감,가벼움,강함,강함,강함,무거움,출처,:,주류,문화,컬럼니스트,&,세종,사이버,대학교,명욱,교수,VER,,,,,,
430,컨츄리 산머루와인(드라이) 맛그래프,컨츄리,산머루,와인,(,드라이,),맛,그래프,단맛,낮음,높음,신맛,낮음,높음,바디감,낮음,높음,목넘김,무거움,가벼움,출처,:,한국,가양주,연구소,류인수,소장,AVER,,,,,,,
431,지장수생막걸리 맛그래프,지장,수생,막걸리,맛,그래프,단맛,낮음,높음,신맛,낮음,높음,청량감,낮음,높음,바디감,무거움,가벼움,출처,:,한국,가양주,연구소,류인수,소장,AVER,,,,,,,,,,
432,황금보리소주 17 맛 그래프,황금,보리,소주,17,맛,그래프,향,약함,강함,바디감,가벼움,무거움,목넘김,부드러움,거침,출처,:,한국,가양주,연구소,류인수,소자,ER,,,,,,,,,,,,
433,레돔 내추럴 스파클링 로제와인 맛 그래프,레돔,내추럴,스파클링,로제,와인,맛,그래프,단맛,약함,강함,신맛,약함,강함,청량감,약함,강함,바디감,가벼움,무거움,출처,:,주류,문화,컬럼니스트,&,전통주,갤러리,부관장,명욱,NAVER,,,,,
434,진맥소주 22% 맛 그래프,진맥,소주,22,%,맛,그래프,향,약함,강함,바디감,가벼움,무거움,목넘김,부드러움,거침,출처,:,한국,가양주,연구소,류인수,소장,NAVER,,,,,,,,,,,,
435,양주골이가 전통주 이화주 맛 그래프,양주,골,이,가,전통주,이화주,맛,그래프,단맛,약함,강함,신맛,약함,강함,청량감,약함,강함,무거움,바디감,가벼움,균형감,출처,:,김영우,소믈리에,VER,,,,,,,,,
436,안동소주일품 골드 맛 그래프,안동,소주,일품,골드,맛,그래프,향기,약함,강함,맛,드라이,스위트,바디감,라이트,헤비,출처,:,한국,가양주,연구소,류인수,소장,NAVER,,,,,,,,,,,,
437,금산농원 오가피와인 맛 그래프,금산,농원,오가피,와인,맛,그래프,단맛,약함,강함,신맛,약함,강함,청량감,약함,강함,바디감,가벼움,무거움,출저,:,한국,가양주,연구소,류인수,소장,NAVER,,,,,,,,,
438,고창선운산 땡큐블루베리주 맛 그래프,고창,선운산,땡큐,블루,베리,주,맛,그래프,단맛,약함,강함,신맛,약함,강함,청량감,약함,강함,바디감,가벼움,무거움,출처,:,한국,가양주,연구소,류인수,소장,NAVER,,,,,,,
439,청명주 맛 그래프,청명주,맛,그래프,단맛,약함,신맛,약함,청량감,약함,바디감,가벼움,강함,강함,강함,무거움,출처,:,주류,문화,컬럼니스트,&,전통주,갤러리,부관장,명욱,NAVER,,,,,,,,,
440,천비향 오양주 탁주 맛 그래프,천비,향,오,양주,탁주,맛,그래프,단맛,약함,강함,신맛,약함,강함,청량감,약함,강함,바디감,가벼움,무거움,출처,:,한국,가양주,연구소,류인수,소장,NAVER,,,,,,,,
441,그랑티그르S1974 맛 그래프,그랑,티,그르,S1974,맛,그래프,단맛,낮음,높음,신맛,낮음,높음,청량감,낮음,높음,바디감,무거움,가벼움,출처,:,한국,가양주,연구소,류인수,소,AVER,,,,,,,,,
442,감사맛그래프,감사,맛,그래프,단맛,낮음,높음,신맛,낮음,높음,바디감,낮음,높음,목넘김,무거움,가벼움,출처,:,한국,가양주,연구소,류인수,소장,AVER,,,,,,,,,,,,
443,홍천강 탁주 맛그래프,홍천강,탁주,맛,그래프,단맛,낮음,높음,신맛,낮음,높음,청량감,낮음,높음,바디감,무거움,가벼움,출처,:,한국,가양주,연구소,류인수,소장,AVER,,,,,,,,,,,
444,세종오가닉 청주맛그래프,세종,오가닉,청주,맛,그래프,단맛,낮음,높음,신맛,낮음,높음,바디감,낮음,높음,목넘김,무거움,가벼움,출처,:,한국,가양주,연구소,류인수,소장,AVER,,,,,,,,,,
445,명술 375 맛 그래프,명술,375,맛,그래프,향기,약함,강함,맛,드라이,스위트,바디감,라이트,헤비,출처,:,한국,가양주,연구소,류인수,소장,NAVER,,,,,,,,,,,,,,
446,하미앙 스위트 와인 맛 그래프,하미,앙,스위트,와인,맛,그래프,단맛,약함,강함,신맛,약함,강함,청량감,약함,강함,바디감,가벼움,무거움,균형감,출처,:,레스토랑,주은,김주용,소믈리에,",",최정욱,와인,연구소,최정욱,손장,,,,
447,감자술 13% 맛 그래프,감자,술,13,%,맛,그래프,단맛,약함,신맛,약함,강함,강함,청량감,약함,강함,바디감,가벼움,무거움,출처,:,주류,문화,컬럼니스트,&,전통주,갤러리,부관장,명욱,",",NAVER,,,,,
448,지평생막걸리 쌀막걸리 맛그래프,지,평생,막걸리,쌀,막걸리,맛,그래프,단맛,낮음,높음,신맛,낮음,높음,청량감,낮음,높음,바디감,무거움,가벼움,출처,:,한국,가양주,연구소,류인수,소장,AVER,,,,,,,,
449,여포의 꿈(화이트) 맛 그래프,여포,의,꿈,(,화이트,),맛,그래프,단맛,낮음,높음,신맛,낮음,높음,바디감,낮음,높음,목넘김,무거움,가벼움,출처,:,한국,가양주,연구소,류인수,소장,AVER,,,,,,,
450,고도리 레드와인 스위트 맛 그래프,고도리,레드,와인,스위트,맛,그래프,단맛,약함,강함,신맛,약함,강함,청량감,약함,강함,바디감,가벼움,무거움,출처,:,주류,문화,컬럼니스트,&,전통주,갤러리,부관장,명욱,NAVER,,,,,,
451,한주 맛 그래프,한주,맛,그래프,향,약함,강함,바디감,가벼움,무거움,목넘김,부드러움,거침,출처,:,주류,문화,컬럼니스트,&,전통주,갤러리,부관장,명욱,NAVER,,,,,,,,,,,,
452,성포 생막걸리 맛 그래프,성포,생,막걸리,맛,그래프,단맛,약함,신맛,약함,청량감,약함,바디감,가벼움,강함,강함,강함,무거움,출저,:,한국,가양주,연구소,류인수,소자,AVER,,,,,,,,,,
453,전주술로시티 오목대 맛 그래프,전주,술,로,시티,오목대,맛,그래프,단맛,약함,신맛,약함,청량감,약함,바디감,가벼움,강함,강함,강함,무거움,출처,:,주류,문화,컬럼니스트,&,전통주,갤러리,부관장,명욱,NAVER,,,,,
454,홍삼명주 맛그래프,홍삼,명주,맛,그래프,단맛,낮음,높음,신맛,낮음,높음,바디감,낮음,높음,목넘김,무거움,가벼움,출처,:,한국,가양주,연구소,류인수,소장,AVER,,,,,,,,,,,
455,베베마루 캠벨로제 맛 그래프,베베,마루,캠벨,로제,맛,그래프,단맛,낮음,높음,신맛,낮음,높음,청량감,낮음,높음,바디감,무거움,가벼움,출처,:,한국,가양주,연구소,류인수,소,AVER,,,,,,,,,
456,청혼 골드 맛 그래프,청혼,골드,맛,그래프,단맛,약함,강함,신맛,약함,강함,청량감,약함,강함,무거움,바디감,가벼움,균형감,출처,:,이현주,소믈리에,VER,,,,,,,,,,,,,
457,뱅꼬레 레드와인 맛 그래프,뱅,꼬레,레드,와인,맛,그래프,단맛,약함,강함,신맛,약함,강함,청량감,약함,강함,바디감,가벼움,무거움,출처,:,주류,문화,컬럼니스트,&,전통주,갤러리,부관장,명욱,NAVER,,,,,,
458,문배술헤리티지25 맛 그래프,문배,술,헤리티지,25,맛,그래프,향기,약함,강함,맛,드라이,스위트,바디감,라이트,헤비,출처,:,한국,가양주,연구소,류인수,소장,NAVER,,,,,,,,,,,,
459,유기농이도14 맛 그래프,유기농,이,도,14,맛,그래프,단맛,약함,신맛,약함,청량감,약함,바디감,가벼움,강함,강함,강함,무거움,출처,:,주류,문화,컬럼니스트,&,세종,사이버,대학교,명욱,교수,VER,,,,,
460,계룡산 산삼주 금수강산 21% 맛 그래프,계룡산,산삼주,금수,강산,21,%,맛,그래프,향,약함,강함,바디감,가벼움,무거움,목넘김,부드러움,거침,출처,:,한국,가양주,연구소,류인수,소장,NAVER,,,,,,,,,,
461,천안 연미주 맛 그래프,천안,연미주,맛,그래프,단맛,낮음,높음,신맛,낮음,높음,청량감,낮음,높음,바디감,무거움,가벼움,출처,:,한국,가양주,연구소,류인수,소,AVER,,,,,,,,,,,
462,은자골곶감생탁배기 맛그래프,은자,골,곶감,생,탁배기,맛,그래프,단맛,낮음,높음,신맛,낮음,높음,청량감,낮음,높음,바디감,무거움,가벼움,출처,:,한국,가양주,연구소,류인수,소장,AVER,,,,,,,,
463,시나브로 에뚜왈 로제 스파클링 와인 맛 그래프,시나브로,에,뚜왈,로제,스파클링,와인,맛,그래프,단맛,약함,신맛,약함,청량감,약함,바디감,가벼움,강함,강함,강함,무거움,출처,:,주류,문화,컬럼니스트,&,세종,사이버,대학교,명욱,교,AVER,,,
464,해창9도 생막걸리 맛그래프,해창,9,도,생,막걸리,맛,그래프,단맛,낮음,높음,신맛,낮음,높음,청량감,낮음,높음,바디감,무거움,가벼움,출처,:,한국,가양주,연구소,류인수,소장,AVER,,,,,,,,
465,명작 복분자 맛 그래프,명작,복분자,맛,그래프,단맛,낮음,신맛,낮음,청량감,낮음,바디감,무거움,높음,높음,높음,가벼움,출처,:,한국,가양주,연구소,류인수,소,AVER,,,,,,,,,,,
466,미소아이스 맛그래프,미소,아이스,맛,그래프,단맛,낮음,높음,신맛,낮음,높음,바디감,낮음,높음,목넘김,무거움,가벼움,출처,:,한국,가양주,연구소,류인수,소장,AVER,,,,,,,,,,,
467,술예쁘다 생탁주 맛 그래프,술,예쁘다,생,탁주,맛,그래프,단맛,약함,강함,신맛,약함,강함,청량감,약함,강함,바디감,가벼움,무거움,출처,:,한국,가양주,연구소,류인수,소장,NAVER,,,,,,,,,
468,미인 약주 맛 그래프,미인,약주,맛,그래프,단맛,약함,강함,신맛,약함,강함,청량감,약함,강함,바디감,가벼움,무거움,출처,:,한국,가양주,연구소,류인수,소장,NAVER,,,,,,,,,,,
469,라이스퐁당 17 맛 그래프,라이스,퐁당,17,맛,그래프,단맛,약함,강함,신맛,약함,강함,청량감,약함,강함,바디감,가벼움,무거움,출저,:,한국,가양주,연구소,류인수,소장,NAVER,,,,,,,,,,
470,남산애 포트와인 맛 그래프,남산,애,포트,와인,맛,그래프,단맛,약함,강함,신맛,약함,강함,청량감,약함,강함,바디감,가벼움,무거움,출처,:,주류,문화,컬럼니스트,&,전통주,갤러리,부관장,명욱,",",NAVER,,,,,
471,내장산복분자주 맛 그래프,내장산,복분자주,맛,그래프,단맛,낮음,높음,신맛,낮음,높음,바디감,낮음,높음,목넘김,무거움,가벼움,출처,:,한국,가양주,연구소,류인수,소장,AVER,,,,,,,,,,,
472,세종대왕어주 약주 맛 그래프,세종대왕,어주,약주,맛,그래프,단맛,약함,신맛,약함,청량감,약함,바디감,가벼움,강함,강함,강함,무거움,출저,:,한국,가양주,연구소,류인수,소자,VER,,,,,,,,,,
473,산내울 사과매주 맛 그래프,산내,울,사과,매주,맛,그래프,단맛,약함,신맛,약함,청량감,약함,바디감,가벼움,강함,강함,강함,무거움,출처,:,주류,문화,컬럼니스트,&,세종,사이버,대학교,명욱,고숩,VER,,,,,
474,맑은내일 발효막걸리 맛 그래프,맑은,내일,발효,막걸리,맛,그래프,단맛,약함,신맛,약함,청량감,약함,바디감,가벼움,강함,강함,강함,무거움,출처,:,주류,문화,컬럼니스트,&,세종,사이버,대학교,명욱,교수,VER,,,,,
475,1000억 유산균막걸리 맛 그래프,1000,억,유산균,막걸리,맛,그래프,단맛,약함,강함,신맛,약함,강함,청량감,약함,강함,바디감,가벼움,무거움,출처,:,주류,문화,컬럼니스트,&,세종,사이버,대학교,명욱,교수,NAVER,,,,,
476,뱅꼬레 화이트와인 맛 그래프,뱅,꼬레,화이트,와인,맛,그래프,단맛,약함,강함,신맛,약함,강함,청량감,약함,강함,바디감,가벼움,무거움,출처,:,주류,문화,컬럼니스트,&,전통주,갤러리,부관장,명욱,NAVER,,,,,,
477,컨츄리 와인 캠벨얼리(스위트) 맛 그래프,컨츄리,와인,캠벨얼리,(,스위트,),맛,그래프,단맛,낮음,높음,신맛,낮음,높음,바디감,낮음,높음,목넘김,무거움,가벼움,출처,:,한국,가양주,연구소,류인수,소장,AVER,,,,,,,
478,다래와인 7004D 맛 그래프,다래,와인,7004D,맛,그래프,단맛,낮음,높음,신맛,낮음,높음,청량감,낮음,높음,바디감,무거움,가벼움,출처,:,한국,가양주,연구소,류인수,소,AVER,,,,,,,,,,
479,녹고의눈물 맛 그래프,녹고,의,눈물,맛,그래프,향기,약함,강함,맛,드라이,스위트,바디감,라이트,헤비,출처,:,한국,가양주,연구소,류인수,소장,NAVER,,,,,,,,,,,,,
480,한산소곡주 백송 맛 그래프,한산,소곡주,백송,맛,그래프,단맛,약함,강함,신맛,약함,강함,청량감,약함,강함,무거움,바디감,가벼움,균형감,출처,:,김영우,소믈리에,VER,,,,,,,,,,,,
481,도문대작 생막걸리 맛 그래프,도문,대작,생,막걸리,맛,그래프,단맛,약함,강함,신맛,약함,강함,청량감,약함,강함,바디감,가벼움,무거움,출처,:,한국,가양주,연구소,류인수,소장,NAVER,,,,,,,,,
482,도깨비술 7% 맛 그래프,도깨비,술,7,%,맛,그래프,단맛,약함,신맛,약함,청량감,약함,바디감,가벼움,강함,강함,강함,무거움,출처,:,주류,문화,컬럼니스트,&,세종,사이버,대학교,명욱,교,VER,,,,,
483,녹천 한산소곡주(생) 맛 그래프,녹천,한산,소곡주,(,생,),맛,그래프,단맛,낮음,높음,신맛,낮음,높음,청량감,낮음,높음,바디감,무거움,가벼움,출처,:,한국,가양주,연구소,류인수,소,AVER,,,,,,,
484,연천 우주 맛 그래프,연천,우주,맛,그래프,향,약함,강함,바디감,가벼움,무거움,목넘김,부드러움,거침,출처,:,주류,문화,컬럼니스트,&,세종,사이버,대학교,명욱,교수,",",NAVER,,,,,,,,,
485,예담은 한산소곡주 맛 그래프,예담,은,한산,소곡주,맛,그래프,단맛,낮음,높음,신맛,낮음,높음,청량감,낮음,높음,바디감,무거움,가벼움,출처,:,한국,가양주,연구소,류인수,소,AVER,,,,,,,,,
486,송명섭 막걸리 맛 그래프,송명섭,막걸리,맛,그래프,단맛,약함,강함,신맛,약함,강함,청량감,약함,강함,바디감,가벼움,무거움,출처,:,한국,가양주,연구소,류인수,소장,NAVER,,,,,,,,,,,
487,술아 매화주 맛 그래프,술아,매화주,맛,그래프,단맛,약함,강함,신맛,약함,강함,청량감,약함,강함,무거움,바디감,가벼움,균형감,출처,:,김영우,소믈리에,VER,,,,,,,,,,,,,
488,마주 소곡화주 맛 그래프,마주,소곡,화주,맛,그래프,향,약함,바디감,가벼움,강함,무거움,목넘김,부드러움,거침,출처,:,주류,문화,컬럼니스트,&,세종,사이버,대학교,명욱,교수,VER,,,,,,,,,
489,창원 생탁주 맛 그래프,창원,생,탁주,맛,그래프,단맛,약함,신맛,약함,강함,강함,청량감,약함,강함,바디감,가벼움,무거움,출처,:,주류,문화,컬럼니스트,&,세종,사이버,대학교,명욱,교수,NAVER,,,,,,
490,민속주안동소주400 맛 그래프,민속주,안동,소주,400,맛,그래프,향기,약함,강함,맛,드라이,스위트,바디감,라이트,헤비,출처,:,한국,가양주,연구소,류인수,소장,NAVER,,,,,,,,,,,,
491,도깨비술 9% 맛 그래프,도깨비,술,9,%,맛,그래프,단맛,약함,강함,신맛,약함,강함,청량감,약함,강함,바디감,가벼움,무거움,출처,:,주류,문화,컬럼니스트,&,세종,사이버,대학교,명욱,교수,VER,,,,,
492,감 보드카 맛 그래프,감,보드카,맛,그래프,향,약함,바디감,가벼움,강함,무거움,목넘김,부드러움,거침,출처,:,한국,가양주,연구소,류인수,소장,NAVER,,,,,,,,,,,,,,
493,녹천 한산소곡주(살균) 맛 그래프,녹천,한산,소곡주,(,살균,),맛,그래프,단맛,낮음,높음,신맛,낮음,높음,청량감,낮음,높음,바디감,무거움,가벼움,출처,:,한국,가양주,연구소,류인수,소,AVER,,,,,,,
494,산막대덕주 맛 그래프,산막,대덕,주,맛,그래프,단맛,낮음,높음,신맛,낮음,높음,청량감,낮음,높음,바디감,무거움,가벼움,출처,:,한국,가양주,연구소,류인수,소,AVER,,,,,,,,,,
495,크라테 자두와인 맛 그래프,크라,테,자두,와인,맛,그래프,단맛,약함,강함,신맛,약함,강함,청량감,약함,강함,바디감,가벼움,무거움,균형감,출처,:,레스토랑,주은,김주용,소믈리에,",",최정욱,와인,연구소,최정욱,손장,,,,
496,52C 맛 그래프,52C,맛,그래프,향,약함,강함,맛,드라이,스위트,바디감,가벼움,무거움,목넘김,부드러움,거침,출처,:,이현주,소믈리에,NAVER,,,,,,,,,,,,,,,
497,복순도가 약주 맛 그래프,복순,도,가,약주,맛,그래프,단맛,약함,강함,신맛,약함,강함,청량감,약함,강함,바디감,가벼움,무거움,균형감,출처,:,경기도,농업,기술원,이대형,박사,",",세종,사이버대,명욱,교수,VER,,,
498,구름을 벗삼아 맛그래프,구름,을,벗,삼아,맛,그래프,단맛,낮음,높음,신맛,낮음,높음,청량감,낮음,높음,바디감,무거움,가벼움,출처,:,한국,가양주,연구소,류인수,소장,AVER,,,,,,,,,
499,천등산 차례주 맛 그래프,천등산,차례,주,맛,그래프,단맛,약함,신맛,약함,청량감,약함,바디감,가벼움,강함,강함,강함,무거움,출처,:,주류,문화,컬럼니스트,&,세종,사이버,대학교,명욱,교수,VER,,,,,,
500,모월인 맛 그래프,모월,인,맛,그래프,향,약함,강함,바디감,가벼움,무거움,목넘김,부드러움,거침,출처,:,한국,가양주,연구소,류인수,소장,NAVER,,,,,,,,,,,,,,
501,한스오차드 사과와인 맛 그래프,한스,오차드,사과,와인,맛,그래프,단맛,약함,강함,신맛,약함,강함,청량감,약함,강함,바디감,가벼움,무거움,출처,:,주류,문화,컬럼니스트,&,전통주,갤러리,부관장,명욱,NAVER,,,,,,
502,하향주 맛 그래프,하향주,맛,그래프,단맛,약함,강함,신맛,약함,강함,청량감,약함,강함,바디감,가벼움,무거움,출저,:,한국,가양주,연구소,류인수,소장,NAVER,,,,,,,,,,,,
503,시나브로 레드 스위트 맛 그래프,시나브로,레드,스위트,맛,그래프,단맛,약함,신맛,약함,청량감,약함,바디감,가벼움,강함,강함,강함,무거움,출처,:,주류,문화,컬럼니스트,&,전통주,갤러리,부관장,명우,ER,,,,,,,
504,청산녹수 꿀막걸리 맛 그래프,청산,녹수,꿀,막걸리,맛,그래프,단맛,약함,강함,신맛,약함,강함,청량감,약함,강함,바디감,가벼움,무거움,출처,:,한국,가양주,연구소,류인수,소장,NAVER,,,,,,,,,
505,죽향 생막걸리 맛 그래프,죽향,생,막걸리,맛,그래프,단맛,약함,강함,신맛,약함,강함,청량감,약함,강함,바디감,가벼움,무거움,출저,:,한국,가양주,연구소,류인수,소장,NAVER,,,,,,,,,,
506,담양 죽력고 맛 그래프,담양,죽력고,맛,그래프,향,약함,바디감,가벼움,강함,무거움,목넘김,부드러움,거침,출처,:,한국,가양주,연구소,류인수,소장,NAVER,,,,,,,,,,,,,,
507,석탄주 약주 맛 그래프,석탄,주,약주,맛,그래프,단맛,약함,신맛,약함,청량감,약함,바디감,가벼움,강함,강함,강함,무거움,출처,:,주류,문화,컬럼니스트,&,전통주,갤러리,부관장,명우,VER,,,,,,,
508,금산농원 복숭아와인 맛 그래프,금산,농원,복숭아,와인,맛,그래프,단맛,약함,강함,신맛,약함,강함,청량감,약함,강함,바디감,가벼움,무거움,출저,:,한국,가양주,연구소,류인수,소장,NAVER,,,,,,,,,
509,왕피천을 품은 미소생막걸리 맛 그래프,왕피천,을,품은,미소,생,막걸리,맛,그래프,단맛,약함,강함,신맛,약함,강함,청량감,약함,강함,바디감,가벼움,무거움,출처,:,주류,문화,컬럼니스트,&,전통주,갤러리,부관장,명욱,NAVER,,,,
510,백련맑은술맛그래프,백련,맑은,술맛,그래프,단맛,낮음,높음,신맛,낮음,높음,청량감,낮음,높음,바디감,무거움,가벼움,출처,:,한국,가양주,연구소,류인수,소장,AVER,,,,,,,,,,,
511,세종청주생막걸리 맛그래프,세종,청주,생,막걸리,맛,그래프,단맛,낮음,높음,신맛,낮음,높음,청량감,낮음,높음,바디감,무거움,가벼움,출처,:,한국,가양주,연구소,류인수,소장,AVER,,,,,,,,,
512,하향주 증류주 맛 그래프,하향주,증류주,맛,그래프,향,약함,바디감,가벼움,목넘김,부드러움,강함,무거움,거침,출처,:,한국,가양주,연구소,류인수,소장,,,,,,,,,,,,,,,
513,민속주안동소주600 맛 그래프,민속주,안동,소주,600,맛,그래프,향기,약함,강함,맛,드라이,스위트,바디감,라이트,헤비,출처,:,한국,가양주,연구소,류인수,소장,NAVER,,,,,,,,,,,,
514,고은달 백자 맛 그래프,고은,달,백자,맛,그래프,향,약함,강함,바디감,가벼움,무거움,목넘김,부드러움,거침,출처,:,주류,문화,컬럼니스트,&,전통주,갤러리,부관장,명욱,NAVER,,,,,,,,,,
515,인천생소성주 맛그래프,인천,생소,성주,맛,그래프,단맛,낮음,높음,신맛,낮음,높음,청량감,낮음,높음,바디감,무거움,가벼움,출처,:,한국,가양주,연구소,류인수,소장,AVER,,,,,,,,,,
516,하미앙 드라이 와인 맛 그래프,하미,앙,드라이,와인,맛,그래프,단맛,약함,강함,신맛,약함,강함,청량감,약함,강함,바디감,가벼움,무거움,균형감,출처,:,레스토랑,주은,김주용,소믈리에,",",최정욱,와인,연구소,최정욱,손장,,,,
517,밀담40 맛 그래프,밀담,40,맛,그래프,단맛,약함,강함,신맛,약함,강함,청량감,약함,강함,바디감,가벼움,무거움,균형감,출처,:,경기도,농업,기술원,이대형,박사,",",세종,사이버대,명욱,교,ve,,,,,
518,백련생막걸리 Misty 맛그래프,백련,생,막걸리,Misty,맛,그래프,단맛,낮음,높음,신맛,낮음,높음,청량감,낮음,높음,바디감,무거움,가벼움,출처,:,한국,가양주,연구소,류인수,소장,AVER,,,,,,,,,
519,오메기 맑은술 맛 그래프,오,메기,맑은,술,맛,그래프,단맛,약함,강함,신맛,약함,강함,청량감,약함,강함,바디감,가벼움,무거움,균형감,출처,:,경기도,농업,기술원,이대형,박사,",",세종,사이버대,명욱,교,ven,,,
520,하미앙 오크 와인 맛 그래프,하미,앙,오크,와인,맛,그래프,단맛,약함,강함,신맛,약함,강함,청량감,약함,강함,바디감,가벼움,무거움,균형감,출처,:,레스토랑,주은,김주용,소믈리에,",",최정욱,와인,연구소,최정욱,소장,하려고,,,
521,지란지교 약주 맛 그래프,지란지교,약주,맛,그래프,단맛,약함,신맛,약함,바디감,가벼움,균형감,강함,강함,무거움,출처,:,전진,아,",",이재욱,소믈리에,",",NAVER,,,,,,,,,,,,
522,맛그래프,맛,그래프,단맛,낮음,높음,신맛,낮음,높음,청량감,낮음,높음,바디감,무거움,가벼움,출처,:,한국,가양주,연구소,류인수,소장,VER,,,,,,,,,,,,,
523,샤토미소 영동 맛 그래프,샤토,미소,영동,맛,그래프,향,약함,강함,바디감,가벼움,무거움,목넘김,부드러움,거침,출처,:,주류,문화,컬럼니스트,&,전통주,갤러리,부관장,명욱,NAVER,,,,,,,,,,
524,The 찾을수록 시리즈 맛 그래프,The,찾을,수록,시리즈,맛,그래프,단맛,약함,신맛,약함,청량감,약함,바디감,가벼움,강함,강함,강함,무거움,출처,:,주류,문화,컬럼니스트,&,전통주,갤러리,부관장,명욱,NAVER,,,,,,
525,자자헌주 맛 그래프,자,자헌,주,맛,그래프,단맛,약함,강함,신맛,약함,강함,청량감,약함,강함,무거움,바디감,가벼움,균형감,출처,:,이현주,소믈리에,VER,,,,,,,,,,,,
526,감이슬 맛 그래프,감,이슬,맛,그래프,향,약함,강함,바디감,가벼움,무거움,목넘김,부드러움,거침,출처,:,한국,가양주,연구소,류인수,소장,NAVER,,,,,,,,,,,,,,
527,예천주 만월 40% 맛 그래프,예천,주,만월,40,%,맛,그래프,향,약함,강함,바디감,가벼움,무거움,목넘김,부드러움,거침,출처,:,한국,가양주,연구소,류인수,소장,NAVER,,,,,,,,,,,
528,풍정사계동 맛 그래프,풍정,사계,동,맛,그래프,향기,약함,강함,맛,드라이,스위트,바디감,라이트,헤비,출처,:,한국,가양주,연구소,류인수,소장,NAVER,,,,,,,,,,,,,
529,도갓집 생막걸리 맛 그래프,도갓집,생,막걸리,맛,그래프,단맛,약함,강함,신맛,약함,강함,청량감,약함,강함,바디감,가벼움,무거움,균형감,출처,:,경기도,농업,기술원,이대형,박사,",",세종,사이버대,명욱,교수,VER,,,,
530,민속주안동소주800 맛 그래프,민속주,안동,소주,800,맛,그래프,향기,약함,강함,맛,드라이,스위트,바디감,라이트,헤비,출처,:,한국,가양주,연구소,류인수,소장,NAVER,,,,,,,,,,,,
531,시나브로드 글로리아 맛 그래프,시나,브로드,글로리아,맛,그래프,단맛,약함,강함,신맛,약함,강함,청량감,약함,강함,바디감,가벼움,무거움,출처,:,주류,문화,컬럼니스트,&,전통주,갤러리,부관장,명욱,NAVER,,,,,,,
532,크라테 레드와인 드라이 밤 맛 그래프,크라,테,레드,와인,드라이,밤,맛,그래프,단맛,약함,신맛,약함,청량감,약함,바디감,가벼움,강함,강함,강함,무거움,출저,:,한국,가양주,연구소,류인수,소장,VER,,,,,,,
533,대관령 복분자주 맛 그래프,대관령,복분자주,맛,그래프,단맛,낮음,높음,신맛,낮음,높음,청량감,낮음,높음,바디감,무거움,가벼움,출처,:,한국,가양주,연구소,류인수,소,AVER,,,,,,,,,,,
534,복단지 맛 그래프,복,단지,맛,그래프,단맛,약함,강함,신맛,약함,강함,청량감,약함,강함,바디감,가벼움,무거움,균형감,출처,:,경기도,농업,기술원,이대형,박사,",",세종,사이버대,명욱,교수,VER,,,,,
535,다랭이팜유자막걸리 맛그래프,다랭이,팜유,자,막걸리,맛,그래프,단맛,낮음,높음,신맛,낮음,높음,청량감,낮음,높음,바디감,무거움,가벼움,출처,:,한국,가양주,연구소,류인수,소장,AVER,,,,,,,,,
536,담은 맛 그래프,담은,맛,그래프,단맛,약함,강함,신맛,약함,강함,청량감,약함,강함,무거움,바디감,가벼움,균형감,출처,:,김영우,소믈리에,,,,,,,,,,,,,,,
537,청명주 맛 그래프,청명주,맛,그래프,단맛,약함,신맛,약함,청량감,약함,바디감,가벼움,강함,강함,강함,무거움,출처,:,주류,문화,컬럼니스트,&,전통주,갤러리,부관장,명욱,NAVER,,,,,,,,,
538,호담산양산삼주 맛 그래프,호담,산양,산삼주,맛,그래프,단맛,낮음,신맛,낮음,청량감,낮음,바디감,무거움,높음,높음,높음,가벼움,출처,:,한국,가양주,연구소,류인수,소,AVER,,,,,,,,,,
539,진맥소주 40% 맛 그래프,진맥,소주,40,%,맛,그래프,향,약함,강함,바디감,가벼움,무거움,목넘김,부드러움,거침,출처,:,한국,가양주,연구소,류인수,소자,VER,,,,,,,,,,,,
540,강소주 맛 그래프,강소주,맛,그래프,향,약함,강함,바디감,가벼움,무거움,목넘김,부드러움,거침,출처,:,한국,가양주,연구소,류인수,소장,NAVER,,,,,,,,,,,,,,,
541,산막와인 미 스위트 레드 맛 그래프,산막,와인,미,스위트,레드,맛,그래프,단맛,약함,강함,신맛,약함,강함,청량감,약함,강함,바디감,가벼움,무거움,균형감,출처,:,레스토랑,주은,김주용,소믈리에,",",최정욱,와인,연구소,최정욱,소장,하려고,,
542,예밀와인 레드 스위트 맛 그래프,예밀,와인,레드,스위트,맛,그래프,단맛,약함,신맛,약함,청량감,약함,바디감,가벼움,강함,강함,강함,무거움,출저,:,한국,가양주,연구소,류인수,소장,NAVER,,,,,,,,,
543,크라테 로제와인 맛 그래프,크라,테,로제,와인,맛,그래프,단맛,약함,신맛,약함,청량감,약함,바디감,가벼움,강함,강함,강함,무거움,출저,:,한국,가양주,연구소,류인수,소장,,,,,,,,,,
544,동몽맛그래프,동몽,맛,그래프,단맛,낮음,높음,신맛,낮음,높음,청량감,낮음,높음,바디감,무거움,가벼움,출처,:,한국,가양주,연구소,류인수,소장,AVER,,,,,,,,,,,,
545,포엠 화이트와인 맛 그래프,포엠,화이트,와인,맛,그래프,단맛,약함,신맛,약함,강함,강함,청량감,약함,강함,바디감,가벼움,무거움,출처,:,주류,문화,컬럼니스트,&,세종,사이버,대학교,명욱,교수,",",NAVER,,,,,
546,감그린 레귤러 맛 그래프,감,그린,레귤러,맛,그래프,단맛,약함,강함,신맛,약함,강함,청량감,약함,강함,바디감,가벼움,무거움,출처,:,주류,문화,컬럼니스트,&,전통주,갤러리,부관장,명욱,NAVER,,,,,,,
547,샤토미소(스위트로제) 맛 그래프,샤토,미소,(,스위트,로제,),맛,그래프,단맛,낮음,높음,신맛,낮음,높음,바디감,낮음,높음,목넘김,무거움,가벼움,출처,:,한국,가양주,연구소,류인수,소장,AVER,,,,,,,
548,원조소곡화주 맛 그래프,원조,소곡,화주,맛,그래프,향,약함,강함,바디감,가벼움,무거움,목넘김,부드러움,거침,출처,:,한국,가양주,연구소,류인수,소장,VER,,,,,,,,,,,,,
549,보은주 맛 그래프,보은,주,맛,그래프,단맛,약함,강함,신맛,약함,강함,청량감,약함,강함,바디감,가벼움,무거움,균형감,출처,:,경기도,농업,기술원,이대형,박사,",",세종,사이버대,명욱,교수,VER,,,,,
550,부안 참뽕와인 맛 그래프,부안,참뽕,와인,맛,그래프,단맛,낮음,높음,신맛,낮음,높음,청량감,낮음,높음,바디감,무거움,가벼움,출처,:,한국,가양주,연구소,류인수,소,AVER,,,,,,,,,,
551,서울의 밤 맛 그래프,서울,의,밤,맛,그래프,향,약함,강함,바디감,가벼움,무거움,목넘김,부드러움,거침,출처,:,한국,가양주,연구소,류인수,소장,NAVER,,,,,,,,,,,,,
552,면천두견주 맛 그래프,면천,두견주,맛,그래프,단맛,약함,강함,신맛,약함,강함,청량감,약함,강함,바디감,가벼움,무거움,출처,:,한국,가양주,연구소,류인수,소장,NAVER,,,,,,,,,,,
553,고창선운산 땡큐복분자주 맛 그래프,고창,선운산,땡큐,복분자주,맛,그래프,단맛,약함,강함,신맛,약함,강함,청량감,약함,강함,바디감,가벼움,무거움,출처,:,한국,가양주,연구소,류인수,소장,NAVER,,,,,,,,,
554,예밀와인 로제 맛 그래프,예밀,와인,로제,맛,그래프,단맛,약함,강함,신맛,약함,강함,청량감,약함,강함,바디감,가벼움,무거움,출저,:,한국,가양주,연구소,류인수,소장,NAVER,,,,,,,,,,
555,컨츄리 산머루와인(스위트) 맛그래프,컨츄리,산머루,와인,(,스위트,),맛,그래프,단맛,낮음,높음,신맛,낮음,높음,바디감,낮음,높음,목넘김,무거움,가벼움,출처,:,한국,가양주,연구소,류인수,소장,AVER,,,,,,,
556,진심 홍삼인삼주 19% 맛그래프,진심,홍삼,인삼주,19,%,맛,그래프,단맛,낮음,높음,신맛,낮음,높음,청량감,낮음,높음,바디감,무거움,가벼움,출처,:,한국,가양주,연구소,류인수,소장,AVER,,,,,,,,
557,고도리 로제와인 맛 그래프,고도리,로제,와인,맛,그래프,단맛,약함,강함,신맛,약함,강함,청량감,약함,강함,바디감,가벼움,무거움,균형감,출처,:,레스토랑,주은,김주용,소믈리에,",",최정욱,와인,연구소,최정욱,소장,하려고,,,,
558,애피소드 상그리아 맛 그래프,애피소드,상그리아,맛,그래프,단맛,약함,강함,신맛,약함,강함,청량감,약함,강함,바디감,가벼움,무거움,출처,:,주류,문화,컬럼니스트,&,전통주,갤러리,부관장,명욱,NAVER,,,,,,,,
559,다랭이팜 생막걸리 맛그래프,다랭이,팜,생,막걸리,맛,그래프,단맛,낮음,높음,신맛,낮음,높음,청량감,낮음,높음,바디감,무거움,가벼움,출처,:,한국,가양주,연구소,류인수,소장,AVER,,,,,,,,,
560,복순도가 탁주 맛 그래프,복순,도,가,탁주,맛,그래프,단맛,약함,강함,신맛,약함,강함,청량감,약함,강함,무거움,바디감,가벼움,균형감,출처,:,김영우,소믈리에,VER,,,,,,,,,,,
561,진맥소주 53% 맛 그래프,진맥,소주,53,%,맛,그래프,향,약함,강함,바디감,가벼움,무거움,목넘김,부드러움,거침,출처,:,한국,가양주,연구소,류인수,소장,NAVER,,,,,,,,,,,,
562,샤토미소 웨딩 자두와인 맛 그래프,샤토,미소,웨딩,자두,와인,맛,그래프,단맛,약함,강함,신맛,약함,강함,청량감,약함,강함,바디감,가벼움,무거움,균형감,출처,:,레스토랑,주은,김주용,소믈리에,",",최정욱,와인,연구소,최정욱,손장,,,
563,추사블루 맛 그래프,추사,블루,맛,그래프,단맛,낮음,높음,신맛,낮음,높음,청량감,낮음,높음,바디감,무거움,가벼움,출처,:,한국,가양주,연구소,류인수,소,AVER,,,,,,,,,,,
564,백운 복분자주 맛 그래프,백운,복분자주,맛,그래프,단맛,낮음,높음,신맛,낮음,높음,청량감,낮음,높음,바디감,무거움,가벼움,출처,:,한국,가양주,연구소,류인수,소,AVER,,,,,,,,,,,
565,막시모 40 맛 그래프,막,시모,40,맛,그래프,향,약함,강함,바디감,가벼움,무거움,목넘김,부드러움,거침,출처,:,한국,가양주,연구소,류인수,소장,VER,,,,,,,,,,,,,
566,술아 막걸리 맛 그래프,술아,막걸리,맛,그래프,단맛,약함,강함,신맛,약함,강함,청량감,약함,강함,바디감,가벼움,무거움,출처,:,주류,문화,컬럼니스트,&,전통주,갤러리,부관장,명욱,NAVER,,,,,,,,
567,담향 대대포 블루 맛 그래프,담향,대,대포,블루,맛,그래프,단맛,약함,강함,신맛,약함,강함,청량감,약함,강함,무거움,바디감,가벼움,균형감,출처,:,이현주,소믈리에,,,,,,,,,,,,
568,천년전주생막걸리 맛그래프,천년,전주,생,막걸리,맛,그래프,단맛,낮음,높음,신맛,낮음,높음,청량감,낮음,높음,바디감,무거움,가벼움,출처,:,한국,가양주,연구소,류인수,소장,AVER,,,,,,,,,
569,머르드 서 스위트 맛 그래프,머,르드,서,스위트,맛,그래프,단맛,약함,신맛,약함,청량감,약함,바디감,가벼움,강함,강함,강함,무거움,출처,:,주류,문화,컬럼니스트,&,세종,사이버,대학교,명욱,교수,VER,,,,,
570,메로니아 맛그래프,메,로니아,맛,그래프,단맛,낮음,높음,신맛,낮음,높음,청량감,낮음,높음,바디감,무거움,가벼움,출처,:,한국,가양주,연구소,류인수,소장,AVER,,,,,,,,,,,
571,선운산의아침 복분자막걸리 맛 그래프,선운산,의,아침,복분자,막걸리,맛,그래프,단맛,낮음,신맛,낮음,청량감,낮음,바디감,무거움,높음,높음,높음,가벼움,출처,:,한국,가양주,연구소,류인수,소,AVER,,,,,,,,
572,영일만친구 막걸리 맛 그래프,영일만,친구,막걸리,맛,그래프,단맛,약함,강함,신맛,약함,강함,청량감,약함,강함,바디감,가벼움,무거움,출저,:,한국,가양주,연구소,류인수,소장,NAVER,,,,,,,,,,
573,양촌생막걸리 맛그래프,양촌,생,막걸리,맛,그래프,단맛,낮음,높음,신맛,낮음,높음,청량감,낮음,높음,바디감,무거움,가벼움,출처,:,한국,가양주,연구소,류인수,소장,AVER,,,,,,,,,,
574,이상헌 탁주 맛 그래프,이상헌,탁주,맛,그래프,단맛,약함,신맛,약함,강함,강함,청량감,약함,강함,바디감,가벼움,무거움,출처,:,주류,문화,컬럼니스트,&,전통주,갤러리,부관장,명욱,NAVER,,,,,,,,
575,강쇠 맛 그래프,강쇠,맛,그래프,단맛,낮음,높음,신맛,낮음,높음,청량감,낮음,높음,바디감,무거움,가벼움,출처,:,한국,가양주,연구소,류인수,소,AVER,,,,,,,,,,,,
576,북한강25 맛 그래프,북한강,25,맛,그래프,단맛,약함,강함,신맛,약함,강함,청량감,약함,강함,바디감,가벼움,무거움,균형감,출처,:,경기도,농업,기술원,이대형,박사,",",세종,사이버대,명욱,교,,,,,,
577,시나브로 로제와인 맛 그래프,시나브로,로제,와인,맛,그래프,단맛,약함,신맛,약함,청량감,약함,바디감,가벼움,강함,강함,강함,무거움,출처,:,주류,문화,컬럼니스트,&,세종,사이버,대학교,명욱,교수,,,,,,,
578,조은술세종바나나 맛그래프,조은술,세종,바나나,맛,그래프,단맛,낮음,높음,신맛,낮음,높음,청량감,낮음,높음,바디감,무거움,가벼움,출처,:,한국,가양주,연구소,류인수,소장,AVER,,,,,,,,,,
579,석로주 맛 그래프,석로,주,맛,그래프,단맛,약함,강함,신맛,약함,강함,청량감,약함,강함,바디감,가벼움,무거움,출처,:,한국,가양주,연구소,류인수,소장,NAVER,,,,,,,,,,,
580,산막와인 아로퓨어 드라이 레드 맛 그래프,산막,와인,아로,퓨어,드라이,레드,맛,그래프,단맛,약함,강함,신맛,약함,강함,청량감,약함,강함,바디감,가벼움,무거움,균형감,출처,:,레스토랑,주은,김주용,소믈리에,",",최정욱,와인,연구소,최정욱,손자,VER,
581,서주 16% 맛 그래프,서주,16,%,맛,그래프,단맛,약함,강함,신맛,약함,강함,청량감,약함,강함,바디감,가벼움,무거움,출처,:,주류,문화,컬럼니스트,&,전통주,갤러리,부관장,명욱,NAVER,,,,,,,
582,김포약주 맛 그래프,김포,약주,맛,그래프,단맛,약함,강함,신맛,약함,강함,청량감,약함,강함,바디감,가벼움,무거움,출처,:,한국,가양주,연구소,류인수,소장,NAVER,,,,,,,,,,,
583,단맛,단맛,약함,신맛,약함,청량감,약함,바디감,가벼움,호땅,맛,그래프,강함,강함,강함,무거움,출저,:,한국,가양주,연구소,류인수,소,VER,,,,,,,,,,,,
584,느린마을 막걸리 맛 그래프,느린,마을,막걸리,맛,그래프,단맛,약함,강함,신맛,약함,강함,청량감,약함,강함,무거움,바디감,가벼움,균형감,출처,:,이현주,소믈리에,,,,,,,,,,,,,
585,시인의 마을 우리쌀 막걸리맛 그래프,시인,의,마을,우리,쌀,막걸리,맛,그래프,단맛,약함,강함,신맛,약함,강함,청량감,약함,강함,바디감,가벼움,무거움,출처,:,주류,문화,컬럼니스트,&,전통주,갤러리,부관장,명욱,NAVER,,,,
586,설련주 맛 그래프,설,련주,맛,그래프,단맛,약함,강함,신맛,약함,강함,청량감,약함,강함,바디감,가벼움,무거움,출처,:,주류,문화,컬럼니스트,&,세종,사이버,대학교,명욱,교수,",",NAVER,,,,,,
587,무작53 맛 그래프,무작,53,맛,그래프,단맛,약함,강함,신맛,약함,강함,청량감,약함,강함,바디감,가벼움,무거움,균형감,출처,:,경기도,농업,기술원,이대형,박사,",",세종,사이버대,명욱,교수,VER,,,,,
588,단맛,단맛,약함,신맛,약함,청량감,약함,바디감,가벼움,백,이주,맛,그래프,강함,강함,강함,무거움,출처,:,농업,회사,법인,(,주,),세찬,",",NAVER,,,,,,,,
589,산내울 복분자주 맛 그래프,산내,울,복분자주,맛,그래프,단맛,약함,신맛,약함,청량감,약함,바디감,가벼움,강함,강함,강함,무거움,출처,:,주류,문화,컬럼니스트,&,세종,사이버,대학교,명욱,교수,NAVER,,,,,,
590,경성과하주 맛 그래프,경성,과하주,맛,그래프,단맛,약함,강함,신맛,약함,강함,청량감,약함,강함,바디감,가벼움,무거움,균형감,출처,:,경기도,농업,기술원,이대형,박사,",",세종,사이버대,명욱,교수,,,,,,
591,유기농이도 맛그래프,유기농,이,도,맛,그래프,단맛,낮음,높음,신맛,낮음,높음,청량감,낮음,높음,바디감,무거움,가벼움,출처,:,한국,가양주,연구소,류인수,소장,AVER,,,,,,,,,,
592,서울효모방 탁주 온섶 맛 그래프,서울,효모,방,탁주,온섶,맛,그래프,단맛,약함,강함,신맛,약함,강함,청량감,약함,강함,무거움,바디감,가벼움,균형감,출처,:,김영우,소믈리에,VER,,,,,,,,,,
593,맑은내일 발효 막걸리 시그니처 맛 그래프,맑은,내일,발효,막걸리,시그니처,맛,그래프,단맛,약함,강함,신맛,약함,강함,청량감,약함,강함,바디감,가벼움,무거움,균형감,출처,:,경기도,농업,기술원,이대형,박사,",",세종,사이버대,명욱,교,ve,,
594,청송 주왕 사과막걸리 맛 그래프,청송,주왕,사과,막걸리,맛,그래프,단맛,약함,강함,신맛,약함,강함,청량감,약함,강함,바디감,가벼움,무거움,출저,:,한국,가양주,연구소,류인수,소장자,NAVER,,,,,,,,,
595,대잎 생동동주 맛 그래프,대잎,생,동동주,맛,그래프,단맛,약함,신맛,약함,청량감,약함,바디감,가벼움,강함,강함,강함,무거움,출저,:,한국,가양주,연구소,류인수,소장,VER,,,,,,,,,,
596,타미앙스 맛그래프,타미,앙스,맛,그래프,단맛,낮음,높음,신맛,낮음,높음,청량감,낮음,높음,바디감,무거움,가벼움,출처,:,한국,가양주,연구소,류인수,소장,AVER,,,,,,,,,,,
597,한산소곡주 맛그래프,한산,소곡주,맛,그래프,단맛,낮음,높음,신맛,낮음,높음,바디감,낮음,높음,목넘김,무거움,가벼움,출처,:,한국,가양주,연구소,류인수,소장,AVER,,,,,,,,,,,
598,산막와인 라라 드라이 화이트 맛 그래프,산막,와인,라라,드라이,화이트,맛,그래프,단맛,약함,강함,신맛,약함,강함,청량감,약함,강함,바디감,가벼움,무거움,균형감,출처,:,레스토랑,주은,김주용,소믈리에,",",최정욱,와인,연구소,최정욱,손장,,,
599,선운산복분자와인 맛 그래프,선운산,복분자,와인,맛,그래프,단맛,약함,강함,신맛,약함,강함,청량감,약함,강함,바디감,가벼움,무거움,출처,:,주류,문화,컬럼니스트,&,전통주,갤러리,부관장,명욱,NAVER,,,,,,,
600,소양강생막걸리 맛그래프,소양강,생,막걸리,맛,그래프,단맛,낮음,높음,신맛,낮음,높음,청량감,낮음,높음,바디감,무거움,가벼움,출처,:,한국,가양주,연구소,류인수,소장,AVER,,,,,,,,,,
601,젤코바 캠벨와인 맛 그래프,젤,코바,캠벨,와인,맛,그래프,단맛,약함,신맛,약함,청량감,약함,바디감,가벼움,강함,강함,강함,무거움,출처,:,주류,문화,컬럼니스트,&,세종,사이버,대학교,명욱,교수,VER,,,,,
602,일곱쌀 맛 그래프,일곱,쌀,맛,그래프,단맛,약함,강함,신맛,약함,강함,청량감,약함,강함,바디감,가벼움,무거움,균형감,출처,:,경기도,농업,기술원,이대형,박사,",",세종,사이버대,명욱,교,ve,,,,,
603,삼양춘 청주 맛 그래프,삼양,춘,청주,맛,그래프,단맛,약함,강함,신맛,약함,강함,청량감,약함,강함,바디감,가벼움,무거움,출처,:,주류,문화,컬럼니스트,&,세종,사이버,대학교,명욱,교수,VER,,,,,,
604,아이엠더문 맛 그래프,아이엠,더문,맛,그래프,단맛,약함,강함,신맛,약함,강함,청량감,약함,강함,무거움,바디감,가벼움,균형감,출처,:,김영우,소믈리에,VER,,,,,,,,,,,,,
605,자두와인 레드 맛 그래프,자두,와인,레드,맛,그래프,단맛,낮음,높음,신맛,낮음,높음,청량감,낮음,높음,바디감,무거움,가벼움,출처,:,한국,가양주,연구소,류인수,소,AVER,,,,,,,,,,
606,천비향 화주 맛 그래프,천비,향,화주,맛,그래프,향,약함,강함,바디감,가벼움,무거움,목넘김,부드러움,거침,출처,:,한국,가양주,연구소,류인수,소장,NAVER,,,,,,,,,,,,,
607,선희주 맛 그래프,선희,주,맛,그래프,단맛,약함,강함,신맛,약함,강함,청량감,약함,강함,무거움,바디감,가벼움,균형감,출처,:,이현주,소믈리에,VER,,,,,,,,,,,,,
608,붉은진주 머루와인 드라이 맛 그래프,붉은,진주,머루,와인,드라이,맛,그래프,단맛,약함,강함,신맛,약함,강함,청량감,약함,강함,바디감,가벼움,무거움,균형감,출처,:,레스토랑,주은,김주용,소믈리에,",",최정욱,와인,연구소,최정욱,손장,,,
609,제주샘주 오메기술 맛 그래프,제주,샘주,오메,기술,맛,그래프,단맛,약함,강함,신맛,약함,강함,청량감,약함,강함,바디감,가벼움,균형감,무거움,출처,:,이현주,소믈리에,,,,,,,,,,,,
610,예주 맛 그래프,예주,맛,그래프,단맛,낮음,신맛,낮음,청량감,낮음,바디감,무거움,높음,높음,높음,가벼움,출처,:,한국,가양주,연구소,류인수,소,AVER,,,,,,,,,,,,
611,그랑꼬또 화이트와인 맛 그래프,그랑,꼬또,화이트,와인,맛,그래프,단맛,약함,신맛,약함,청량감,약함,바디감,가벼움,강함,강함,강함,무거움,출처,:,주류,문화,컬럼니스트,&,세종,사이버,대학교,명욱,교수,VER,,,,,
612,여강 맛 그래프,여강,맛,그래프,향,약함,바디감,가벼움,강함,무거움,목넘김,부드러움,거침,출처,:,주류,문화,컬럼니스트,&,전통주,갤러리,부관장,명욱,NAVER,,,,,,,,,,,,
613,미생 막걸리 맛 그래프,미생,막걸리,맛,그래프,단맛,약함,강함,신맛,약함,강함,청량감,약함,강함,바디감,가벼움,무거움,출처,:,주류,문화,컬럼니스트,&,전통주,갤러리,부관장,명욱,NAVER,,,,,,,,
614,라이스퐁당 13 맛 그래프,라이스,퐁당,13,맛,그래프,단맛,약함,신맛,약함,청량감,약함,바디감,가벼움,강함,강함,강함,무거움,출저,:,한국,가양주,연구소,류인수,소장,VER,,,,,,,,,,
615,원매 맛 그래프,원매,맛,그래프,향,약함,강함,바디감,가벼움,무거움,목넘김,부드러움,거침,출처,:,한국,가양주,연구소,류인수,소장,NAVER,,,,,,,,,,,,,,,
616,장수 오미자주 맛 그래프,장수,오미자,주,맛,그래프,단맛,약함,강함,신맛,약함,강함,청량감,약함,강함,바디감,가벼움,무거움,출처,:,주류,문화,컬럼니스트,&,세종,사이버,대학교,명욱,교수,NAVER,,,,,,
617,안성맞춤 생막걸리 맛 그래프,안성맞춤,생,막걸리,맛,그래프,단맛,약함,강함,신맛,약함,강함,청량감,약함,강함,바디감,가벼움,무거움,출처,:,주류,문화,컬럼니스트,&,전통주,갤러리,부관장,명욱,NAVER,,,,,,,
618,포엠 레드 스위트와인 맛 그래프,포엠,레드,스위트,와인,맛,그래프,단맛,약함,신맛,약함,청량감,약함,바디감,가벼움,강함,강함,강함,무거움,출처,:,주류,문화,컬럼니스트,&,세종,사이버,대학교,명욱,교수,NAVER,,,,,
619,방문주 약주 맛 그래프,방문,주,약주,맛,그래프,단맛,약함,신맛,약함,청량감,약함,바디감,가벼움,강함,강함,강함,무거움,출처,:,주류,문화,컬럼니스트,&,전통주,갤러리,부관장,명,VER,,,,,,,
620,주몽 복분자주 맛 그래프,주몽,복분자주,맛,그래프,단맛,낮음,높음,신맛,낮음,높음,청량감,낮음,높음,바디감,무거움,가벼움,출처,:,한국,가양주,연구소,류인수,소,AVER,,,,,,,,,,,
621,시나브로 화이트와인 맛 그래프,시나브로,화이트,와인,맛,그래프,단맛,약함,신맛,약함,청량감,약함,바디감,가벼움,강함,강함,강함,무거움,출처,:,주류,문화,컬럼니스트,&,세종,사이버,대학교,명욱,교수,VER,,,,,,
